datetime,upstream,downstream
2014-10-01 00:00:00+00:00,308000.0,425000.0
2014-10-02 00:00:00+00:00,294000.0,408000.0
2014-10-03 00:00:00+00:00,283000.0,394000.0
2014-10-04 00:00:00+00:00,273000.0,379000.0
2014-10-05 00:00:00+00:00,271000.0,363000.0
2014-10-06 00:00:00+00:00,283000.0,347000.0
2014-10-07 00:00:00+00:00,321000.0,334000.0
2014-10-08 00:00:00+00:00,377000.0,325000.0
2014-10-09 00:00:00+00:00,426000.0,331000.0
2014-10-10 00:00:00+00:00,443000.0,353000.0
2014-10-11 00:00:00+00:00,436000.0,387000.0
2014-10-12 00:00:00+00:00,417000.0,424000.0
2014-10-13 00:00:00+00:00,407000.0,465000.0
2014-10-15 00:00:00+00:00,438000.0,518000.0
2014-10-16 00:00:00+00:00,468000.0,535000.0
2014-10-17 00:00:00+00:00,528000.0,552000.0
2014-10-18 00:00:00+00:00,587000.0,559000.0
2014-10-19 00:00:00+00:00,625000.0,571000.0
2014-10-20 00:00:00+00:00,660000.0,599000.0
2014-10-21 00:00:00+00:00,685000.0,638000.0
2014-10-22 00:00:00+00:00,681000.0,673000.0
2014-10-23 00:00:00+00:00,645000.0,703000.0
2014-10-24 00:00:00+00:00,593000.0,719000.0
2014-10-25 00:00:00+00:00,539000.0,723000.0
2014-10-26 00:00:00+00:00,496000.0,712000.0
2014-10-27 00:00:00+00:00,461000.0,683000.0
2014-10-28 00:00:00+00:00,431000.0,646000.0
2014-10-29 00:00:00+00:00,416000.0,610000.0
2014-10-30 00:00:00+00:00,401000.0,574000.0
2014-10-31 00:00:00+00:00,383000.0,540000.0
2014-11-01 00:00:00+00:00,363000.0,511000.0
2014-11-02 00:00:00+00:00,346000.0,484000.0
2014-11-03 00:00:00+00:00,332000.0,463000.0
2014-11-04 00:00:00+00:00,326000.0,440000.0
2014-11-05 00:00:00+00:00,326000.0,422000.0
2014-11-06 00:00:00+00:00,329000.0,413000.0
2014-11-07 00:00:00+00:00,324000.0,408000.0
2014-11-08 00:00:00+00:00,316000.0,400000.0
2014-11-09 00:00:00+00:00,310000.0,392000.0
2014-11-10 00:00:00+00:00,306000.0,384000.0
2014-11-11 00:00:00+00:00,302000.0,377000.0
2014-11-12 00:00:00+00:00,305000.0,369000.0
2014-11-13 00:00:00+00:00,323000.0,362000.0
2014-11-14 00:00:00+00:00,339000.0,358000.0
2014-11-15 00:00:00+00:00,345000.0,360000.0
2014-11-16 00:00:00+00:00,337000.0,369000.0
2014-11-17 00:00:00+00:00,321000.0,382000.0
2014-11-18 00:00:00+00:00,307000.0,394000.0
2014-11-19 00:00:00+00:00,298000.0,401000.0
2014-11-20 00:00:00+00:00,291000.0,394000.0
2014-11-21 00:00:00+00:00,287000.0,379000.0
2014-11-22 00:00:00+00:00,299000.0,365000.0
2014-11-23 00:00:00+00:00,317000.0,356000.0
2014-11-24 00:00:00+00:00,331000.0,350000.0
2014-11-25 00:00:00+00:00,334000.0,353000.0
2014-11-26 00:00:00+00:00,329000.0,366000.0
2014-11-27 00:00:00+00:00,323000.0,377000.0
2014-11-28 00:00:00+00:00,330000.0,381000.0
2014-11-29 00:00:00+00:00,343000.0,381000.0
2014-11-30 00:00:00+00:00,357000.0,377000.0
2014-12-01 00:00:00+00:00,372000.0,376000.0
2014-12-02 00:00:00+00:00,389000.0,384000.0
2014-12-03 00:00:00+00:00,397000.0,395000.0
2014-12-04 00:00:00+00:00,391000.0,407000.0
2014-12-05 00:00:00+00:00,382000.0,416000.0
2014-12-06 00:00:00+00:00,388000.0,425000.0
2014-12-07 00:00:00+00:00,394000.0,430000.0
2014-12-08 00:00:00+00:00,406000.0,437000.0
2014-12-09 00:00:00+00:00,443000.0,443000.0
2014-12-10 00:00:00+00:00,506000.0,445000.0
2014-12-11 00:00:00+00:00,572000.0,451000.0
2014-12-12 00:00:00+00:00,618000.0,473000.0
2014-12-13 00:00:00+00:00,642000.0,511000.0
2014-12-14 00:00:00+00:00,652000.0,556000.0
2014-12-15 00:00:00+00:00,649000.0,593000.0
2014-12-16 00:00:00+00:00,625000.0,622000.0
2014-12-17 00:00:00+00:00,572000.0,643000.0
2014-12-18 00:00:00+00:00,509000.0,654000.0
2014-12-19 00:00:00+00:00,454000.0,640000.0
2014-12-20 00:00:00+00:00,405000.0,613000.0
2014-12-21 00:00:00+00:00,357000.0,579000.0
2014-12-22 00:00:00+00:00,329000.0,540000.0
2014-12-23 00:00:00+00:00,323000.0,500000.0
2014-12-24 00:00:00+00:00,327000.0,464000.0
2014-12-25 00:00:00+00:00,332000.0,436000.0
2014-12-26 00:00:00+00:00,338000.0,415000.0
2014-12-27 00:00:00+00:00,344000.0,402000.0
2014-12-28 00:00:00+00:00,353000.0,398000.0
2014-12-29 00:00:00+00:00,370000.0,407000.0
2014-12-30 00:00:00+00:00,392000.0,418000.0
2014-12-31 00:00:00+00:00,414000.0,422000.0
2015-01-01 00:00:00+00:00,455000.0,429000.0
2015-01-02 00:00:00+00:00,490000.0,449000.0
2015-01-03 00:00:00+00:00,502000.0,479000.0
2015-01-04 00:00:00+00:00,502000.0,519000.0
2015-01-05 00:00:00+00:00,503000.0,565000.0
2015-01-06 00:00:00+00:00,513000.0,607000.0
2015-01-07 00:00:00+00:00,524000.0,625000.0
2015-01-08 00:00:00+00:00,540000.0,626000.0
2015-01-09 00:00:00+00:00,553000.0,626000.0
2015-01-10 00:00:00+00:00,550000.0,631000.0
2015-01-11 00:00:00+00:00,534000.0,637000.0
2015-01-12 00:00:00+00:00,518000.0,642000.0
2015-01-13 00:00:00+00:00,502000.0,638000.0
2015-01-14 00:00:00+00:00,481000.0,630000.0
2015-01-15 00:00:00+00:00,455000.0,618000.0
2015-01-16 00:00:00+00:00,427000.0,600000.0
2015-01-17 00:00:00+00:00,405000.0,577000.0
2015-01-18 00:00:00+00:00,393000.0,555000.0
2015-01-19 00:00:00+00:00,391000.0,530000.0
2015-01-20 00:00:00+00:00,391000.0,509000.0
2015-01-21 00:00:00+00:00,388000.0,490000.0
2015-01-22 00:00:00+00:00,378000.0,475000.0
2015-01-23 00:00:00+00:00,360000.0,471000.0
2015-01-24 00:00:00+00:00,336000.0,468000.0
2015-01-25 00:00:00+00:00,310000.0,461000.0
2015-01-26 00:00:00+00:00,293000.0,449000.0
2015-01-27 00:00:00+00:00,290000.0,428000.0
2015-01-28 00:00:00+00:00,301000.0,405000.0
2015-01-29 00:00:00+00:00,311000.0,385000.0
2015-01-30 00:00:00+00:00,317000.0,374000.0
2015-01-31 00:00:00+00:00,320000.0,372000.0
2015-02-01 00:00:00+00:00,328000.0,373000.0
2015-02-02 00:00:00+00:00,338000.0,375000.0
2015-02-03 00:00:00+00:00,343000.0,384000.0
2015-02-04 00:00:00+00:00,342000.0,396000.0
2015-02-05 00:00:00+00:00,335000.0,401000.0
2015-02-06 00:00:00+00:00,335000.0,406000.0
2015-02-07 00:00:00+00:00,345000.0,408000.0
2015-02-08 00:00:00+00:00,371000.0,407000.0
2015-02-09 00:00:00+00:00,410000.0,408000.0
2015-02-10 00:00:00+00:00,435000.0,415000.0
2015-02-11 00:00:00+00:00,433000.0,434000.0
2015-02-12 00:00:00+00:00,407000.0,452000.0
2015-02-13 00:00:00+00:00,374000.0,470000.0
2015-02-14 00:00:00+00:00,350000.0,475000.0
2015-02-15 00:00:00+00:00,334000.0,467000.0
2015-02-16 00:00:00+00:00,333000.0,447000.0
2015-02-17 00:00:00+00:00,334000.0,429000.0
2015-02-18 00:00:00+00:00,340000.0,419000.0
2015-02-19 00:00:00+00:00,338000.0,412000.0
2015-02-20 00:00:00+00:00,326000.0,405000.0
2015-02-21 00:00:00+00:00,322000.0,402000.0
2015-02-22 00:00:00+00:00,324000.0,408000.0
2015-02-23 00:00:00+00:00,327000.0,423000.0
2015-02-24 00:00:00+00:00,346000.0,449000.0
2015-02-25 00:00:00+00:00,393000.0,466000.0
2015-02-26 00:00:00+00:00,461000.0,478000.0
2015-02-27 00:00:00+00:00,512000.0,492000.0
2015-02-28 00:00:00+00:00,542000.0,523000.0
2015-03-01 00:00:00+00:00,551000.0,561000.0
2015-03-02 00:00:00+00:00,544000.0,599000.0
2015-03-03 00:00:00+00:00,525000.0,632000.0
2015-03-04 00:00:00+00:00,505000.0,650000.0
2015-03-05 00:00:00+00:00,508000.0,658000.0
2015-03-06 00:00:00+00:00,528000.0,669000.0
2015-03-07 00:00:00+00:00,588000.0,679000.0
2015-03-08 00:00:00+00:00,669000.0,690000.0
2015-03-09 00:00:00+00:00,731000.0,706000.0
2015-03-10 00:00:00+00:00,786000.0,746000.0
2015-03-11 00:00:00+00:00,825000.0,805000.0
2015-03-12 00:00:00+00:00,856000.0,862000.0
2015-03-13 00:00:00+00:00,898000.0,914000.0
2015-03-14 00:00:00+00:00,943000.0,959000.0
2015-03-15 00:00:00+00:00,979000.0,999000.0
2015-03-16 00:00:00+00:00,1020000.0,1040000.0
2015-03-17 00:00:00+00:00,1050000.0,1080000.0
2015-03-18 00:00:00+00:00,1080000.0,1120000.0
2015-03-19 00:00:00+00:00,1110000.0,1140000.0
2015-03-20 00:00:00+00:00,1140000.0,1170000.0
2015-03-21 00:00:00+00:00,1150000.0,1190000.0
2015-03-22 00:00:00+00:00,1160000.0,1210000.0
2015-03-23 00:00:00+00:00,1170000.0,1230000.0
2015-03-24 00:00:00+00:00,1180000.0,1250000.0
2015-03-25 00:00:00+00:00,1180000.0,1270000.0
2015-03-26 00:00:00+00:00,1180000.0,1280000.0
2015-03-27 00:00:00+00:00,1170000.0,1290000.0
2015-03-28 00:00:00+00:00,1160000.0,1300000.0
2015-03-29 00:00:00+00:00,1150000.0,1310000.0
2015-03-30 00:00:00+00:00,1130000.0,1320000.0
2015-03-31 00:00:00+00:00,1090000.0,1320000.0
2015-04-01 00:00:00+00:00,1050000.0,1320000.0
2015-04-02 00:00:00+00:00,969000.0,1310000.0
2015-04-03 00:00:00+00:00,865000.0,1290000.0
2015-04-04 00:00:00+00:00,767000.0,1270000.0
2015-04-05 00:00:00+00:00,708000.0,1250000.0
2015-04-06 00:00:00+00:00,689000.0,1210000.0
2015-04-07 00:00:00+00:00,702000.0,1170000.0
2015-04-08 00:00:00+00:00,736000.0,1120000.0
2015-04-09 00:00:00+00:00,773000.0,1080000.0
2015-04-10 00:00:00+00:00,811000.0,1050000.0
2015-04-11 00:00:00+00:00,846000.0,1030000.0
2015-04-12 00:00:00+00:00,882000.0,1010000.0
2015-04-13 00:00:00+00:00,917000.0,1000000.0
2015-04-14 00:00:00+00:00,955000.0,1000000.0
2015-04-15 00:00:00+00:00,967000.0,1000000.0
2015-04-16 00:00:00+00:00,975000.0,1020000.0
2015-04-17 00:00:00+00:00,982000.0,1050000.0
2015-04-18 00:00:00+00:00,988000.0,1070000.0
2015-04-19 00:00:00+00:00,995000.0,1100000.0
2015-04-20 00:00:00+00:00,1010000.0,1120000.0
2015-04-21 00:00:00+00:00,1020000.0,1130000.0
2015-04-22 00:00:00+00:00,1030000.0,1150000.0
2015-04-23 00:00:00+00:00,1040000.0,1160000.0
2015-04-24 00:00:00+00:00,1040000.0,1170000.0
2015-04-25 00:00:00+00:00,1060000.0,1180000.0
2015-04-26 00:00:00+00:00,1060000.0,1200000.0
2015-04-27 00:00:00+00:00,1050000.0,1210000.0
2015-04-28 00:00:00+00:00,1050000.0,1220000.0
2015-04-29 00:00:00+00:00,1030000.0,1230000.0
2015-04-30 00:00:00+00:00,1000000.0,1230000.0
2015-05-01 00:00:00+00:00,959000.0,1220000.0
2015-05-02 00:00:00+00:00,889000.0,1210000.0
2015-05-03 00:00:00+00:00,791000.0,1190000.0
2015-05-04 00:00:00+00:00,697000.0,1170000.0
2015-05-05 00:00:00+00:00,613000.0,1140000.0
2015-05-06 00:00:00+00:00,541000.0,1110000.0
2015-05-07 00:00:00+00:00,486000.0,1060000.0
2015-05-08 00:00:00+00:00,441000.0,994000.0
2015-05-09 00:00:00+00:00,406000.0,923000.0
2015-05-10 00:00:00+00:00,376000.0,850000.0
2015-05-11 00:00:00+00:00,351000.0,784000.0
2015-05-12 00:00:00+00:00,331000.0,728000.0
2015-05-13 00:00:00+00:00,323000.0,691000.0
2015-05-14 00:00:00+00:00,343000.0,683000.0
2015-05-15 00:00:00+00:00,369000.0,690000.0
2015-05-16 00:00:00+00:00,389000.0,698000.0
2015-05-17 00:00:00+00:00,402000.0,703000.0
2015-05-18 00:00:00+00:00,411000.0,716000.0
2015-05-19 00:00:00+00:00,410000.0,727000.0
2015-05-20 00:00:00+00:00,412000.0,727000.0
2015-05-21 00:00:00+00:00,425000.0,731000.0
2015-05-22 00:00:00+00:00,443000.0,736000.0
2015-05-23 00:00:00+00:00,468000.0,742000.0
2015-05-24 00:00:00+00:00,482000.0,754000.0
2015-05-25 00:00:00+00:00,492000.0,773000.0
2015-05-26 00:00:00+00:00,490000.0,799000.0
2015-05-27 00:00:00+00:00,473000.0,819000.0
2015-05-28 00:00:00+00:00,453000.0,835000.0
2015-05-29 00:00:00+00:00,443000.0,846000.0
2015-05-30 00:00:00+00:00,466000.0,859000.0
2015-05-31 00:00:00+00:00,498000.0,872000.0
2015-06-01 00:00:00+00:00,522000.0,890000.0
2015-06-02 00:00:00+00:00,545000.0,910000.0
2015-06-03 00:00:00+00:00,558000.0,932000.0
2015-06-04 00:00:00+00:00,562000.0,953000.0
2015-06-05 00:00:00+00:00,562000.0,973000.0
2015-06-06 00:00:00+00:00,559000.0,990000.0
2015-06-07 00:00:00+00:00,546000.0,996000.0
2015-06-08 00:00:00+00:00,535000.0,987000.0
2015-06-09 00:00:00+00:00,525000.0,969000.0
2015-06-10 00:00:00+00:00,523000.0,951000.0
2015-06-11 00:00:00+00:00,538000.0,929000.0
2015-06-12 00:00:00+00:00,565000.0,910000.0
2015-06-13 00:00:00+00:00,590000.0,893000.0
2015-06-14 00:00:00+00:00,611000.0,881000.0
2015-06-15 00:00:00+00:00,609000.0,875000.0
2015-06-16 00:00:00+00:00,590000.0,873000.0
2015-06-17 00:00:00+00:00,577000.0,874000.0
2015-06-18 00:00:00+00:00,577000.0,873000.0
2015-06-19 00:00:00+00:00,614000.0,866000.0
2015-06-20 00:00:00+00:00,683000.0,860000.0
2015-06-21 00:00:00+00:00,751000.0,862000.0
2015-06-22 00:00:00+00:00,817000.0,881000.0
2015-06-23 00:00:00+00:00,876000.0,915000.0
2015-06-24 00:00:00+00:00,924000.0,957000.0
2015-06-25 00:00:00+00:00,963000.0,1000000.0
2015-06-26 00:00:00+00:00,994000.0,1030000.0
2015-06-27 00:00:00+00:00,1020000.0,1060000.0
2015-06-28 00:00:00+00:00,1030000.0,1090000.0
2015-06-29 00:00:00+00:00,1050000.0,1110000.0
2015-06-30 00:00:00+00:00,1060000.0,1130000.0
2015-07-01 00:00:00+00:00,1070000.0,1150000.0
2015-07-02 00:00:00+00:00,1070000.0,1170000.0
2015-07-03 00:00:00+00:00,1090000.0,1180000.0
2015-07-04 00:00:00+00:00,1110000.0,1200000.0
2015-07-05 00:00:00+00:00,1120000.0,1220000.0
2015-07-06 00:00:00+00:00,1130000.0,1230000.0
2015-07-07 00:00:00+00:00,1150000.0,1250000.0
2015-07-08 00:00:00+00:00,1160000.0,1260000.0
2015-07-09 00:00:00+00:00,1180000.0,1270000.0
2015-07-10 00:00:00+00:00,1190000.0,1280000.0
2015-07-11 00:00:00+00:00,1190000.0,1290000.0
2015-07-12 00:00:00+00:00,1180000.0,1300000.0
2015-07-13 00:00:00+00:00,1160000.0,1310000.0
2015-07-14 00:00:00+00:00,1140000.0,1310000.0
2015-07-15 00:00:00+00:00,1120000.0,1330000.0
2015-07-16 00:00:00+00:00,1100000.0,1340000.0
2015-07-17 00:00:00+00:00,1080000.0,1340000.0
2015-07-18 00:00:00+00:00,1060000.0,1350000.0
2015-07-19 00:00:00+00:00,1030000.0,1350000.0
2015-07-20 00:00:00+00:00,1010000.0,1360000.0
2015-07-21 00:00:00+00:00,987000.0,1360000.0
2015-07-22 00:00:00+00:00,989000.0,1360000.0
2015-07-23 00:00:00+00:00,995000.0,1360000.0
2015-07-24 00:00:00+00:00,1000000.0,1370000.0
2015-07-25 00:00:00+00:00,1010000.0,1370000.0
2015-07-26 00:00:00+00:00,1010000.0,1370000.0
2015-07-27 00:00:00+00:00,1000000.0,1370000.0
2015-07-28 00:00:00+00:00,978000.0,1370000.0
2015-07-29 00:00:00+00:00,929000.0,1370000.0
2015-07-30 00:00:00+00:00,869000.0,1350000.0
2015-07-31 00:00:00+00:00,802000.0,1340000.0
2015-08-01 00:00:00+00:00,741000.0,1320000.0
2015-08-02 00:00:00+00:00,692000.0,1300000.0
2015-08-03 00:00:00+00:00,658000.0,1270000.0
2015-08-04 00:00:00+00:00,630000.0,1240000.0
2015-08-05 00:00:00+00:00,606000.0,1200000.0
2015-08-06 00:00:00+00:00,598000.0,1150000.0
2015-08-07 00:00:00+00:00,579000.0,1100000.0
2015-08-08 00:00:00+00:00,560000.0,1040000.0
2015-08-09 00:00:00+00:00,549000.0,994000.0
2015-08-10 00:00:00+00:00,539000.0,937000.0
2015-08-11 00:00:00+00:00,525000.0,883000.0
2015-08-12 00:00:00+00:00,512000.0,830000.0
2015-08-13 00:00:00+00:00,495000.0,773000.0
2015-08-14 00:00:00+00:00,469000.0,718000.0
2015-08-15 00:00:00+00:00,445000.0,671000.0
2015-08-16 00:00:00+00:00,438000.0,633000.0
2015-08-17 00:00:00+00:00,437000.0,598000.0
2015-08-18 00:00:00+00:00,424000.0,564000.0
2015-08-19 00:00:00+00:00,401000.0,540000.0
2015-08-20 00:00:00+00:00,388000.0,523000.0
2015-08-21 00:00:00+00:00,372000.0,506000.0
2015-08-22 00:00:00+00:00,362000.0,494000.0
2015-08-23 00:00:00+00:00,362000.0,482000.0
2015-08-24 00:00:00+00:00,359000.0,468000.0
2015-08-25 00:00:00+00:00,343000.0,454000.0
2015-08-26 00:00:00+00:00,334000.0,444000.0
2015-08-27 00:00:00+00:00,336000.0,436000.0
2015-08-28 00:00:00+00:00,340000.0,426000.0
2015-08-29 00:00:00+00:00,340000.0,416000.0
2015-08-30 00:00:00+00:00,335000.0,412000.0
2015-08-31 00:00:00+00:00,319000.0,407000.0
2015-09-01 00:00:00+00:00,301000.0,406000.0
2015-09-02 00:00:00+00:00,282000.0,401000.0
2015-09-03 00:00:00+00:00,268000.0,390000.0
2015-09-04 00:00:00+00:00,261000.0,377000.0
2015-09-05 00:00:00+00:00,260000.0,360000.0
2015-09-06 00:00:00+00:00,259000.0,343000.0
2015-09-07 00:00:00+00:00,260000.0,329000.0
2015-09-08 00:00:00+00:00,265000.0,319000.0
2015-09-09 00:00:00+00:00,270000.0,315000.0
2015-09-10 00:00:00+00:00,270000.0,316000.0
2015-09-11 00:00:00+00:00,261000.0,324000.0
2015-09-12 00:00:00+00:00,255000.0,333000.0
2015-09-13 00:00:00+00:00,255000.0,328000.0
2015-09-14 00:00:00+00:00,263000.0,316000.0
2015-09-15 00:00:00+00:00,270000.0,306000.0
2015-09-16 00:00:00+00:00,274000.0,303000.0
2015-09-17 00:00:00+00:00,277000.0,306000.0
2015-09-18 00:00:00+00:00,286000.0,312000.0
2015-09-19 00:00:00+00:00,291000.0,318000.0
2015-09-20 00:00:00+00:00,286000.0,323000.0
2015-09-21 00:00:00+00:00,277000.0,328000.0
2015-09-22 00:00:00+00:00,268000.0,329000.0
2015-09-23 00:00:00+00:00,256000.0,327000.0
2015-09-24 00:00:00+00:00,245000.0,324000.0
2015-09-25 00:00:00+00:00,248000.0,319000.0
2015-09-26 00:00:00+00:00,254000.0,310000.0
2015-09-27 00:00:00+00:00,256000.0,300000.0
2015-09-28 00:00:00+00:00,253000.0,293000.0
2015-09-29 00:00:00+00:00,248000.0,291000.0
2015-09-30 00:00:00+00:00,245000.0,290000.0
2015-10-01 00:00:00+00:00,243000.0,293000.0
2015-10-02 00:00:00+00:00,242000.0,295000.0
2015-10-03 00:00:00+00:00,249000.0,291000.0
2015-10-04 00:00:00+00:00,276000.0,285000.0
2015-10-05 00:00:00+00:00,316000.0,282000.0
2015-10-06 00:00:00+00:00,340000.0,285000.0
2015-10-07 00:00:00+00:00,338000.0,299000.0
2015-10-08 00:00:00+00:00,312000.0,323000.0
2015-10-09 00:00:00+00:00,283000.0,344000.0
2015-10-10 00:00:00+00:00,270000.0,354000.0
2015-10-11 00:00:00+00:00,264000.0,350000.0
2015-10-12 00:00:00+00:00,257000.0,335000.0
2015-10-13 00:00:00+00:00,246000.0,322000.0
2015-10-14 00:00:00+00:00,236000.0,311000.0
2015-10-15 00:00:00+00:00,227000.0,302000.0
2015-10-16 00:00:00+00:00,219000.0,292000.0
2015-10-17 00:00:00+00:00,220000.0,284000.0
2015-10-18 00:00:00+00:00,225000.0,274000.0
2015-10-19 00:00:00+00:00,223000.0,266000.0
2015-10-20 00:00:00+00:00,220000.0,260000.0
2015-10-21 00:00:00+00:00,205000.0,258000.0
2015-10-22 00:00:00+00:00,191000.0,257000.0
2015-10-23 00:00:00+00:00,184000.0,252000.0
2015-10-24 00:00:00+00:00,180000.0,246000.0
2015-10-25 00:00:00+00:00,181000.0,243000.0
2015-10-26 00:00:00+00:00,187000.0,250000.0
2015-10-27 00:00:00+00:00,194000.0,255000.0
2015-10-28 00:00:00+00:00,199000.0,252000.0
2015-10-29 00:00:00+00:00,203000.0,252000.0
2015-10-30 00:00:00+00:00,210000.0,250000.0
2015-10-31 00:00:00+00:00,234000.0,251000.0
2015-11-01 00:00:00+00:00,267000.0,260000.0
2015-11-02 00:00:00+00:00,282000.0,270000.0
2015-11-03 00:00:00+00:00,286000.0,283000.0
2015-11-04 00:00:00+00:00,293000.0,294000.0
2015-11-05 00:00:00+00:00,303000.0,306000.0
2015-11-06 00:00:00+00:00,308000.0,315000.0
2015-11-07 00:00:00+00:00,298000.0,326000.0
2015-11-08 00:00:00+00:00,286000.0,349000.0
2015-11-09 00:00:00+00:00,284000.0,362000.0
2015-11-10 00:00:00+00:00,294000.0,357000.0
2015-11-11 00:00:00+00:00,303000.0,347000.0
2015-11-12 00:00:00+00:00,300000.0,341000.0
2015-11-13 00:00:00+00:00,288000.0,344000.0
2015-11-14 00:00:00+00:00,283000.0,345000.0
2015-11-15 00:00:00+00:00,284000.0,341000.0
2015-11-16 00:00:00+00:00,287000.0,333000.0
2015-11-17 00:00:00+00:00,299000.0,326000.0
2015-11-18 00:00:00+00:00,339000.0,347000.0
2015-11-19 00:00:00+00:00,357000.0,385000.0
2015-11-20 00:00:00+00:00,383000.0,440000.0
2015-11-21 00:00:00+00:00,450000.0,489000.0
2015-11-22 00:00:00+00:00,600000.0,510000.0
2015-11-23 00:00:00+00:00,618000.0,530000.0
2015-11-24 00:00:00+00:00,608000.0,560000.0
2015-11-25 00:00:00+00:00,594000.0,601000.0
2015-11-26 00:00:00+00:00,575000.0,640000.0
2015-11-27 00:00:00+00:00,549000.0,669000.0
2015-11-28 00:00:00+00:00,529000.0,676000.0
2015-11-29 00:00:00+00:00,535000.0,679000.0
2015-11-30 00:00:00+00:00,552000.0,693000.0
2015-12-01 00:00:00+00:00,596000.0,727000.0
2015-12-02 00:00:00+00:00,663000.0,767000.0
2015-12-03 00:00:00+00:00,739000.0,801000.0
2015-12-04 00:00:00+00:00,814000.0,829000.0
2015-12-05 00:00:00+00:00,875000.0,859000.0
2015-12-06 00:00:00+00:00,917000.0,896000.0
2015-12-07 00:00:00+00:00,941000.0,932000.0
2015-12-08 00:00:00+00:00,950000.0,967000.0
2015-12-09 00:00:00+00:00,948000.0,1000000.0
2015-12-10 00:00:00+00:00,926000.0,1030000.0
2015-12-11 00:00:00+00:00,880000.0,1050000.0
2015-12-12 00:00:00+00:00,815000.0,1060000.0
2015-12-13 00:00:00+00:00,750000.0,1060000.0
2015-12-14 00:00:00+00:00,699000.0,1050000.0
2015-12-15 00:00:00+00:00,652000.0,1030000.0
2015-12-16 00:00:00+00:00,619000.0,1020000.0
2015-12-17 00:00:00+00:00,600000.0,1010000.0
2015-12-18 00:00:00+00:00,608000.0,1000000.0
2015-12-19 00:00:00+00:00,642000.0,989000.0
2015-12-20 00:00:00+00:00,683000.0,967000.0
2015-12-21 00:00:00+00:00,719000.0,951000.0
2015-12-22 00:00:00+00:00,752000.0,953000.0
2015-12-23 00:00:00+00:00,780000.0,960000.0
2015-12-24 00:00:00+00:00,805000.0,981000.0
2015-12-25 00:00:00+00:00,844000.0,996000.0
2015-12-26 00:00:00+00:00,884000.0,1020000.0
2015-12-27 00:00:00+00:00,925000.0,1050000.0
2015-12-28 00:00:00+00:00,996000.0,1080000.0
2015-12-29 00:00:00+00:00,1070000.0,1120000.0
2015-12-30 00:00:00+00:00,1120000.0,1160000.0
2015-12-31 00:00:00+00:00,1180000.0,1220000.0
2016-01-01 00:00:00+00:00,1260000.0,1290000.0
2016-01-02 00:00:00+00:00,1340000.0,1350000.0
2016-01-03 00:00:00+00:00,1420000.0,1410000.0
2016-01-04 00:00:00+00:00,1500000.0,1480000.0
2016-01-05 00:00:00+00:00,1570000.0,1550000.0
2016-01-06 00:00:00+00:00,1610000.0,1620000.0
2016-01-07 00:00:00+00:00,1630000.0,1670000.0
2016-01-08 00:00:00+00:00,1640000.0,1710000.0
2016-01-09 00:00:00+00:00,1630000.0,1760000.0
2016-01-10 00:00:00+00:00,1610000.0,1800000.0
2016-01-11 00:00:00+00:00,1580000.0,1840000.0
2016-01-12 00:00:00+00:00,1530000.0,1880000.0
2016-01-13 00:00:00+00:00,1490000.0,1900000.0
2016-01-14 00:00:00+00:00,1450000.0,1900000.0
2016-01-15 00:00:00+00:00,1410000.0,1880000.0
2016-01-16 00:00:00+00:00,1370000.0,1850000.0
2016-01-17 00:00:00+00:00,1330000.0,1830000.0
2016-01-18 00:00:00+00:00,1270000.0,1790000.0
2016-01-19 00:00:00+00:00,1200000.0,1760000.0
2016-01-20 00:00:00+00:00,1110000.0,1720000.0
2016-01-21 00:00:00+00:00,1020000.0,1680000.0
2016-01-22 00:00:00+00:00,926000.0,1640000.0
2016-01-23 00:00:00+00:00,828000.0,1600000.0
2016-01-24 00:00:00+00:00,755000.0,1540000.0
2016-01-25 00:00:00+00:00,701000.0,1470000.0
2016-01-26 00:00:00+00:00,653000.0,1400000.0
2016-01-27 00:00:00+00:00,624000.0,1330000.0
2016-01-28 00:00:00+00:00,616000.0,1260000.0
2016-01-29 00:00:00+00:00,610000.0,1190000.0
2016-01-30 00:00:00+00:00,604000.0,1110000.0
2016-01-31 00:00:00+00:00,609000.0,1050000.0
2016-02-01 00:00:00+00:00,623000.0,999000.0
2016-02-02 00:00:00+00:00,639000.0,946000.0
2016-02-03 00:00:00+00:00,664000.0,911000.0
2016-02-04 00:00:00+00:00,669000.0,889000.0
2016-02-05 00:00:00+00:00,680000.0,869000.0
2016-02-06 00:00:00+00:00,710000.0,853000.0
2016-02-07 00:00:00+00:00,760000.0,841000.0
2016-02-08 00:00:00+00:00,815000.0,835000.0
2016-02-09 00:00:00+00:00,858000.0,838000.0
2016-02-10 00:00:00+00:00,882000.0,848000.0
2016-02-11 00:00:00+00:00,893000.0,862000.0
2016-02-12 00:00:00+00:00,894000.0,879000.0
2016-02-13 00:00:00+00:00,880000.0,892000.0
2016-02-14 00:00:00+00:00,854000.0,903000.0
2016-02-15 00:00:00+00:00,816000.0,914000.0
2016-02-16 00:00:00+00:00,761000.0,922000.0
2016-02-17 00:00:00+00:00,697000.0,920000.0
2016-02-18 00:00:00+00:00,642000.0,906000.0
2016-02-19 00:00:00+00:00,601000.0,878000.0
2016-02-20 00:00:00+00:00,585000.0,844000.0
2016-02-21 00:00:00+00:00,617000.0,809000.0
2016-02-22 00:00:00+00:00,668000.0,775000.0
2016-02-23 00:00:00+00:00,717000.0,749000.0
2016-02-24 00:00:00+00:00,777000.0,750000.0
2016-02-25 00:00:00+00:00,805000.0,766000.0
2016-02-26 00:00:00+00:00,832000.0,793000.0
2016-02-27 00:00:00+00:00,869000.0,822000.0
2016-02-28 00:00:00+00:00,908000.0,846000.0
2016-02-29 00:00:00+00:00,941000.0,872000.0
2016-03-01 00:00:00+00:00,965000.0,896000.0
2016-03-02 00:00:00+00:00,979000.0,920000.0
2016-03-03 00:00:00+00:00,985000.0,943000.0
2016-03-04 00:00:00+00:00,988000.0,966000.0
2016-03-05 00:00:00+00:00,988000.0,987000.0
2016-03-06 00:00:00+00:00,987000.0,1000000.0
2016-03-07 00:00:00+00:00,979000.0,1020000.0
2016-03-08 00:00:00+00:00,963000.0,1020000.0
2016-03-09 00:00:00+00:00,953000.0,1040000.0
2016-03-10 00:00:00+00:00,961000.0,1080000.0
2016-03-11 00:00:00+00:00,935000.0,1120000.0
2016-03-12 00:00:00+00:00,913000.0,1160000.0
2016-03-13 00:00:00+00:00,911000.0,1190000.0
2016-03-14 00:00:00+00:00,902000.0,1210000.0
2016-03-15 00:00:00+00:00,881000.0,1220000.0
2016-03-16 00:00:00+00:00,856000.0,1220000.0
2016-03-17 00:00:00+00:00,838000.0,1220000.0
2016-03-18 00:00:00+00:00,826000.0,1220000.0
2016-03-19 00:00:00+00:00,814000.0,1210000.0
2016-03-20 00:00:00+00:00,798000.0,1210000.0
2016-03-21 00:00:00+00:00,784000.0,1200000.0
2016-03-22 00:00:00+00:00,779000.0,1180000.0
2016-03-23 00:00:00+00:00,779000.0,1160000.0
2016-03-24 00:00:00+00:00,777000.0,1140000.0
2016-03-25 00:00:00+00:00,757000.0,1130000.0
2016-03-26 00:00:00+00:00,708000.0,1110000.0
2016-03-27 00:00:00+00:00,642000.0,1090000.0
2016-03-28 00:00:00+00:00,578000.0,1070000.0
2016-03-29 00:00:00+00:00,528000.0,1040000.0
2016-03-30 00:00:00+00:00,499000.0,999000.0
2016-03-31 00:00:00+00:00,516000.0,967000.0
2016-04-01 00:00:00+00:00,550000.0,933000.0
2016-04-02 00:00:00+00:00,600000.0,906000.0
2016-04-03 00:00:00+00:00,644000.0,890000.0
2016-04-04 00:00:00+00:00,683000.0,882000.0
2016-04-05 00:00:00+00:00,711000.0,880000.0
2016-04-06 00:00:00+00:00,711000.0,881000.0
2016-04-07 00:00:00+00:00,693000.0,890000.0
2016-04-08 00:00:00+00:00,668000.0,900000.0
2016-04-09 00:00:00+00:00,646000.0,903000.0
2016-04-10 00:00:00+00:00,622000.0,893000.0
2016-04-11 00:00:00+00:00,590000.0,882000.0
2016-04-12 00:00:00+00:00,559000.0,881000.0
2016-04-13 00:00:00+00:00,538000.0,861000.0
2016-04-14 00:00:00+00:00,542000.0,840000.0
2016-04-15 00:00:00+00:00,569000.0,820000.0
2016-04-16 00:00:00+00:00,600000.0,800000.0
2016-04-17 00:00:00+00:00,616000.0,782000.0
2016-04-18 00:00:00+00:00,620000.0,774000.0
2016-04-19 00:00:00+00:00,620000.0,773000.0
2016-04-20 00:00:00+00:00,618000.0,775000.0
2016-04-21 00:00:00+00:00,615000.0,784000.0
2016-04-22 00:00:00+00:00,589000.0,792000.0
2016-04-23 00:00:00+00:00,553000.0,798000.0
2016-04-24 00:00:00+00:00,522000.0,796000.0
2016-04-25 00:00:00+00:00,492000.0,785000.0
2016-04-26 00:00:00+00:00,465000.0,758000.0
2016-04-27 00:00:00+00:00,445000.0,727000.0
2016-04-28 00:00:00+00:00,434000.0,695000.0
2016-04-29 00:00:00+00:00,439000.0,659000.0
2016-04-30 00:00:00+00:00,473000.0,627000.0
2016-05-01 00:00:00+00:00,509000.0,612000.0
2016-05-02 00:00:00+00:00,552000.0,625000.0
2016-05-03 00:00:00+00:00,604000.0,657000.0
2016-05-04 00:00:00+00:00,654000.0,699000.0
2016-05-05 00:00:00+00:00,689000.0,743000.0
2016-05-06 00:00:00+00:00,704000.0,783000.0
2016-05-07 00:00:00+00:00,717000.0,817000.0
2016-05-08 00:00:00+00:00,735000.0,842000.0
2016-05-09 00:00:00+00:00,751000.0,860000.0
2016-05-10 00:00:00+00:00,761000.0,873000.0
2016-05-11 00:00:00+00:00,761000.0,884000.0
2016-05-12 00:00:00+00:00,756000.0,889000.0
2016-05-13 00:00:00+00:00,751000.0,895000.0
2016-05-14 00:00:00+00:00,766000.0,900000.0
2016-05-15 00:00:00+00:00,793000.0,904000.0
2016-05-16 00:00:00+00:00,817000.0,909000.0
2016-05-17 00:00:00+00:00,831000.0,913000.0
2016-05-18 00:00:00+00:00,837000.0,913000.0
2016-05-19 00:00:00+00:00,832000.0,913000.0
2016-05-20 00:00:00+00:00,817000.0,919000.0
2016-05-21 00:00:00+00:00,788000.0,927000.0
2016-05-22 00:00:00+00:00,751000.0,931000.0
2016-05-23 00:00:00+00:00,704000.0,929000.0
2016-05-24 00:00:00+00:00,660000.0,920000.0
2016-05-25 00:00:00+00:00,640000.0,905000.0
2016-05-26 00:00:00+00:00,632000.0,887000.0
2016-05-27 00:00:00+00:00,635000.0,867000.0
2016-05-28 00:00:00+00:00,638000.0,858000.0
2016-05-29 00:00:00+00:00,643000.0,855000.0
2016-05-30 00:00:00+00:00,651000.0,858000.0
2016-05-31 00:00:00+00:00,648000.0,862000.0
2016-06-01 00:00:00+00:00,639000.0,858000.0
2016-06-02 00:00:00+00:00,628000.0,858000.0
2016-06-03 00:00:00+00:00,614000.0,857000.0
2016-06-04 00:00:00+00:00,612000.0,854000.0
2016-06-05 00:00:00+00:00,599000.0,848000.0
2016-06-06 00:00:00+00:00,572000.0,843000.0
2016-06-07 00:00:00+00:00,548000.0,839000.0
2016-06-08 00:00:00+00:00,526000.0,831000.0
2016-06-09 00:00:00+00:00,511000.0,816000.0
2016-06-10 00:00:00+00:00,501000.0,794000.0
2016-06-11 00:00:00+00:00,489000.0,766000.0
2016-06-12 00:00:00+00:00,477000.0,741000.0
2016-06-13 00:00:00+00:00,459000.0,721000.0
2016-06-14 00:00:00+00:00,429000.0,699000.0
2016-06-15 00:00:00+00:00,399000.0,677000.0
2016-06-16 00:00:00+00:00,379000.0,651000.0
2016-06-17 00:00:00+00:00,370000.0,623000.0
2016-06-18 00:00:00+00:00,364000.0,599000.0
2016-06-19 00:00:00+00:00,355000.0,575000.0
2016-06-20 00:00:00+00:00,352000.0,559000.0
2016-06-21 00:00:00+00:00,354000.0,548000.0
2016-06-22 00:00:00+00:00,362000.0,539000.0
2016-06-23 00:00:00+00:00,366000.0,528000.0
2016-06-24 00:00:00+00:00,356000.0,522000.0
2016-06-25 00:00:00+00:00,345000.0,524000.0
2016-06-26 00:00:00+00:00,346000.0,523000.0
2016-06-27 00:00:00+00:00,368000.0,519000.0
2016-06-28 00:00:00+00:00,406000.0,516000.0
2016-06-29 00:00:00+00:00,434000.0,513000.0
2016-06-30 00:00:00+00:00,465000.0,516000.0
2016-07-01 00:00:00+00:00,482000.0,532000.0
2016-07-02 00:00:00+00:00,476000.0,553000.0
2016-07-03 00:00:00+00:00,447000.0,570000.0
2016-07-04 00:00:00+00:00,408000.0,581000.0
2016-07-05 00:00:00+00:00,368000.0,585000.0
2016-07-06 00:00:00+00:00,353000.0,577000.0
2016-07-07 00:00:00+00:00,384000.0,557000.0
2016-07-08 00:00:00+00:00,442000.0,534000.0
2016-07-09 00:00:00+00:00,525000.0,517000.0
2016-07-10 00:00:00+00:00,587000.0,522000.0
2016-07-11 00:00:00+00:00,616000.0,552000.0
2016-07-12 00:00:00+00:00,626000.0,602000.0
2016-07-13 00:00:00+00:00,617000.0,643000.0
2016-07-14 00:00:00+00:00,589000.0,673000.0
2016-07-15 00:00:00+00:00,557000.0,695000.0
2016-07-16 00:00:00+00:00,521000.0,703000.0
2016-07-17 00:00:00+00:00,481000.0,696000.0
2016-07-18 00:00:00+00:00,449000.0,679000.0
2016-07-19 00:00:00+00:00,440000.0,650000.0
2016-07-20 00:00:00+00:00,442000.0,611000.0
2016-07-21 00:00:00+00:00,425000.0,581000.0
2016-07-22 00:00:00+00:00,396000.0,558000.0
2016-07-23 00:00:00+00:00,369000.0,540000.0
2016-07-24 00:00:00+00:00,353000.0,524000.0
2016-07-25 00:00:00+00:00,347000.0,506000.0
2016-07-26 00:00:00+00:00,349000.0,481000.0
2016-07-27 00:00:00+00:00,365000.0,460000.0
2016-07-28 00:00:00+00:00,396000.0,453000.0
2016-07-29 00:00:00+00:00,417000.0,452000.0
2016-07-30 00:00:00+00:00,434000.0,459000.0
2016-07-31 00:00:00+00:00,441000.0,474000.0
2016-08-01 00:00:00+00:00,454000.0,491000.0
2016-08-02 00:00:00+00:00,470000.0,499000.0
2016-08-03 00:00:00+00:00,475000.0,507000.0
2016-08-04 00:00:00+00:00,475000.0,520000.0
2016-08-05 00:00:00+00:00,471000.0,534000.0
2016-08-06 00:00:00+00:00,482000.0,539000.0
2016-08-07 00:00:00+00:00,504000.0,546000.0
2016-08-08 00:00:00+00:00,509000.0,553000.0
2016-08-09 00:00:00+00:00,498000.0,565000.0
2016-08-10 00:00:00+00:00,483000.0,576000.0
2016-08-11 00:00:00+00:00,455000.0,585000.0
2016-08-12 00:00:00+00:00,420000.0,591000.0
2016-08-13 00:00:00+00:00,399000.0,583000.0
2016-08-14 00:00:00+00:00,382000.0,571000.0
2016-08-15 00:00:00+00:00,358000.0,555000.0
2016-08-16 00:00:00+00:00,344000.0,538000.0
2016-08-17 00:00:00+00:00,369000.0,521000.0
2016-08-18 00:00:00+00:00,437000.0,514000.0
2016-08-19 00:00:00+00:00,499000.0,513000.0
2016-08-20 00:00:00+00:00,527000.0,523000.0
2016-08-21 00:00:00+00:00,540000.0,547000.0
2016-08-22 00:00:00+00:00,539000.0,576000.0
2016-08-23 00:00:00+00:00,517000.0,602000.0
2016-08-24 00:00:00+00:00,494000.0,615000.0
2016-08-25 00:00:00+00:00,486000.0,619000.0
2016-08-26 00:00:00+00:00,484000.0,612000.0
2016-08-27 00:00:00+00:00,483000.0,600000.0
2016-08-28 00:00:00+00:00,480000.0,590000.0
2016-08-29 00:00:00+00:00,460000.0,584000.0
2016-08-30 00:00:00+00:00,434000.0,575000.0
2016-08-31 00:00:00+00:00,417000.0,565000.0
2016-09-01 00:00:00+00:00,406000.0,551000.0
2016-09-02 00:00:00+00:00,417000.0,535000.0
2016-09-03 00:00:00+00:00,444000.0,518000.0
2016-09-04 00:00:00+00:00,457000.0,500000.0
2016-09-05 00:00:00+00:00,458000.0,494000.0
2016-09-06 00:00:00+00:00,453000.0,500000.0
2016-09-07 00:00:00+00:00,445000.0,506000.0
2016-09-08 00:00:00+00:00,435000.0,512000.0
2016-09-09 00:00:00+00:00,422000.0,515000.0
2016-09-10 00:00:00+00:00,405000.0,517000.0
2016-09-11 00:00:00+00:00,384000.0,514000.0
2016-09-12 00:00:00+00:00,369000.0,509000.0
2016-09-13 00:00:00+00:00,377000.0,498000.0
2016-09-14 00:00:00+00:00,420000.0,485000.0
2016-09-15 00:00:00+00:00,457000.0,479000.0
2016-09-16 00:00:00+00:00,451000.0,484000.0
2016-09-17 00:00:00+00:00,434000.0,496000.0
2016-09-18 00:00:00+00:00,424000.0,513000.0
2016-09-19 00:00:00+00:00,413000.0,524000.0
2016-09-20 00:00:00+00:00,419000.0,525000.0
2016-09-21 00:00:00+00:00,448000.0,524000.0
2016-09-22 00:00:00+00:00,466000.0,521000.0
2016-09-23 00:00:00+00:00,468000.0,523000.0
2016-09-24 00:00:00+00:00,459000.0,535000.0
2016-09-25 00:00:00+00:00,452000.0,546000.0
2016-09-26 00:00:00+00:00,442000.0,553000.0
2016-09-27 00:00:00+00:00,432000.0,553000.0
2016-09-28 00:00:00+00:00,424000.0,543000.0
2016-09-29 00:00:00+00:00,409000.0,531000.0
2016-09-30 00:00:00+00:00,392000.0,525000.0
2016-10-01 00:00:00+00:00,373000.0,519000.0
2016-10-02 00:00:00+00:00,362000.0,507000.0
2016-10-03 00:00:00+00:00,367000.0,491000.0
2016-10-04 00:00:00+00:00,386000.0,478000.0
2016-10-05 00:00:00+00:00,403000.0,468000.0
2016-10-06 00:00:00+00:00,412000.0,462000.0
2016-10-07 00:00:00+00:00,418000.0,464000.0
2016-10-08 00:00:00+00:00,413000.0,469000.0
2016-10-09 00:00:00+00:00,400000.0,479000.0
2016-10-10 00:00:00+00:00,392000.0,488000.0
2016-10-11 00:00:00+00:00,390000.0,495000.0
2016-10-12 00:00:00+00:00,394000.0,494000.0
2016-10-13 00:00:00+00:00,408000.0,487000.0
2016-10-14 00:00:00+00:00,424000.0,484000.0
2016-10-15 00:00:00+00:00,425000.0,488000.0
2016-10-16 00:00:00+00:00,412000.0,497000.0
2016-10-17 00:00:00+00:00,395000.0,506000.0
2016-10-18 00:00:00+00:00,378000.0,508000.0
2016-10-19 00:00:00+00:00,363000.0,507000.0
2016-10-20 00:00:00+00:00,350000.0,497000.0
2016-10-21 00:00:00+00:00,337000.0,486000.0
2016-10-22 00:00:00+00:00,323000.0,478000.0
2016-10-23 00:00:00+00:00,323000.0,466000.0
2016-10-24 00:00:00+00:00,339000.0,448000.0
2016-10-25 00:00:00+00:00,358000.0,428000.0
2016-10-26 00:00:00+00:00,388000.0,416000.0
2016-10-27 00:00:00+00:00,411000.0,419000.0
2016-10-28 00:00:00+00:00,418000.0,426000.0
2016-10-29 00:00:00+00:00,414000.0,438000.0
2016-10-30 00:00:00+00:00,391000.0,452000.0
2016-10-31 00:00:00+00:00,364000.0,466000.0
2016-11-01 00:00:00+00:00,348000.0,470000.0
2016-11-02 00:00:00+00:00,337000.0,459000.0
2016-11-03 00:00:00+00:00,327000.0,448000.0
2016-11-04 00:00:00+00:00,321000.0,430000.0
2016-11-05 00:00:00+00:00,318000.0,410000.0
2016-11-06 00:00:00+00:00,317000.0,393000.0
2016-11-07 00:00:00+00:00,321000.0,381000.0
2016-11-08 00:00:00+00:00,328000.0,374000.0
2016-11-09 00:00:00+00:00,333000.0,367000.0
2016-11-10 00:00:00+00:00,335000.0,369000.0
2016-11-11 00:00:00+00:00,332000.0,373000.0
2016-11-12 00:00:00+00:00,323000.0,374000.0
2016-11-13 00:00:00+00:00,311000.0,375000.0
2016-11-14 00:00:00+00:00,301000.0,371000.0
2016-11-15 00:00:00+00:00,293000.0,365000.0
2016-11-16 00:00:00+00:00,285000.0,358000.0
2016-11-17 00:00:00+00:00,279000.0,352000.0
2016-11-18 00:00:00+00:00,274000.0,346000.0
2016-11-19 00:00:00+00:00,267000.0,334000.0
2016-11-20 00:00:00+00:00,255000.0,328000.0
2016-11-21 00:00:00+00:00,247000.0,322000.0
2016-11-22 00:00:00+00:00,245000.0,314000.0
2016-11-23 00:00:00+00:00,242000.0,303000.0
2016-11-24 00:00:00+00:00,236000.0,296000.0
2016-11-25 00:00:00+00:00,230000.0,294000.0
2016-11-26 00:00:00+00:00,229000.0,291000.0
2016-11-27 00:00:00+00:00,230000.0,284000.0
2016-11-28 00:00:00+00:00,231000.0,276000.0
2016-11-29 00:00:00+00:00,236000.0,273000.0
2016-11-30 00:00:00+00:00,237000.0,274000.0
2016-12-01 00:00:00+00:00,240000.0,280000.0
2016-12-02 00:00:00+00:00,249000.0,285000.0
2016-12-03 00:00:00+00:00,265000.0,284000.0
2016-12-04 00:00:00+00:00,279000.0,291000.0
2016-12-05 00:00:00+00:00,288000.0,301000.0
2016-12-06 00:00:00+00:00,315000.0,318000.0
2016-12-07 00:00:00+00:00,346000.0,332000.0
2016-12-08 00:00:00+00:00,374000.0,345000.0
2016-12-09 00:00:00+00:00,394000.0,363000.0
2016-12-10 00:00:00+00:00,396000.0,383000.0
2016-12-11 00:00:00+00:00,388000.0,400000.0
2016-12-12 00:00:00+00:00,378000.0,415000.0
2016-12-13 00:00:00+00:00,360000.0,422000.0
2016-12-14 00:00:00+00:00,354000.0,425000.0
2016-12-15 00:00:00+00:00,361000.0,421000.0
2016-12-16 00:00:00+00:00,368000.0,411000.0
2016-12-17 00:00:00+00:00,367000.0,402000.0
2016-12-18 00:00:00+00:00,371000.0,400000.0
2016-12-19 00:00:00+00:00,369000.0,401000.0
2016-12-20 00:00:00+00:00,369000.0,406000.0
2016-12-21 00:00:00+00:00,380000.0,404000.0
2016-12-22 00:00:00+00:00,403000.0,403000.0
2016-12-23 00:00:00+00:00,436000.0,401000.0
2016-12-24 00:00:00+00:00,478000.0,403000.0
2016-12-25 00:00:00+00:00,514000.0,413000.0
2016-12-26 00:00:00+00:00,533000.0,434000.0
2016-12-27 00:00:00+00:00,548000.0,470000.0
2016-12-28 00:00:00+00:00,548000.0,504000.0
2016-12-29 00:00:00+00:00,537000.0,531000.0
2016-12-30 00:00:00+00:00,526000.0,550000.0
2016-12-31 00:00:00+00:00,530000.0,557000.0
2017-01-01 00:00:00+00:00,550000.0,563000.0
2017-01-02 00:00:00+00:00,568000.0,565000.0
2017-01-03 00:00:00+00:00,587000.0,579000.0
2017-01-04 00:00:00+00:00,596000.0,595000.0
2017-01-05 00:00:00+00:00,603000.0,613000.0
2017-01-06 00:00:00+00:00,602000.0,626000.0
2017-01-07 00:00:00+00:00,590000.0,636000.0
2017-01-08 00:00:00+00:00,579000.0,642000.0
2017-01-09 00:00:00+00:00,577000.0,635000.0
2017-01-10 00:00:00+00:00,580000.0,625000.0
2017-01-11 00:00:00+00:00,586000.0,616000.0
2017-01-12 00:00:00+00:00,588000.0,612000.0
2017-01-13 00:00:00+00:00,581000.0,609000.0
2017-01-14 00:00:00+00:00,548000.0,610000.0
2017-01-15 00:00:00+00:00,508000.0,607000.0
2017-01-16 00:00:00+00:00,485000.0,596000.0
2017-01-17 00:00:00+00:00,496000.0,579000.0
2017-01-18 00:00:00+00:00,532000.0,559000.0
2017-01-19 00:00:00+00:00,590000.0,555000.0
2017-01-20 00:00:00+00:00,663000.0,568000.0
2017-01-21 00:00:00+00:00,723000.0,593000.0
2017-01-22 00:00:00+00:00,780000.0,639000.0
2017-01-23 00:00:00+00:00,829000.0,689000.0
2017-01-24 00:00:00+00:00,861000.0,737000.0
2017-01-25 00:00:00+00:00,884000.0,784000.0
2017-01-26 00:00:00+00:00,898000.0,821000.0
2017-01-27 00:00:00+00:00,905000.0,852000.0
2017-01-28 00:00:00+00:00,906000.0,874000.0
2017-01-29 00:00:00+00:00,902000.0,892000.0
2017-01-30 00:00:00+00:00,899000.0,904000.0
2017-01-31 00:00:00+00:00,899000.0,907000.0
2017-02-01 00:00:00+00:00,902000.0,909000.0
2017-02-02 00:00:00+00:00,903000.0,908000.0
2017-02-03 00:00:00+00:00,892000.0,906000.0
2017-02-04 00:00:00+00:00,855000.0,904000.0
2017-02-05 00:00:00+00:00,789000.0,901000.0
2017-02-06 00:00:00+00:00,713000.0,892000.0
2017-02-07 00:00:00+00:00,640000.0,868000.0
2017-02-08 00:00:00+00:00,586000.0,832000.0
2017-02-09 00:00:00+00:00,547000.0,791000.0
2017-02-10 00:00:00+00:00,524000.0,745000.0
2017-02-11 00:00:00+00:00,515000.0,695000.0
2017-02-12 00:00:00+00:00,519000.0,648000.0
2017-02-13 00:00:00+00:00,530000.0,613000.0
2017-02-14 00:00:00+00:00,535000.0,587000.0
2017-02-15 00:00:00+00:00,543000.0,575000.0
2017-02-16 00:00:00+00:00,547000.0,575000.0
2017-02-17 00:00:00+00:00,534000.0,580000.0
2017-02-18 00:00:00+00:00,518000.0,581000.0
2017-02-19 00:00:00+00:00,509000.0,574000.0
2017-02-20 00:00:00+00:00,505000.0,565000.0
2017-02-21 00:00:00+00:00,503000.0,558000.0
2017-02-22 00:00:00+00:00,497000.0,550000.0
2017-02-23 00:00:00+00:00,481000.0,544000.0
2017-02-24 00:00:00+00:00,458000.0,540000.0
2017-02-25 00:00:00+00:00,433000.0,536000.0
2017-02-26 00:00:00+00:00,411000.0,524000.0
2017-02-27 00:00:00+00:00,392000.0,512000.0
2017-02-28 00:00:00+00:00,375000.0,494000.0
2017-03-01 00:00:00+00:00,361000.0,483000.0
2017-03-02 00:00:00+00:00,367000.0,474000.0
2017-03-03 00:00:00+00:00,400000.0,460000.0
2017-03-04 00:00:00+00:00,455000.0,445000.0
2017-03-05 00:00:00+00:00,531000.0,438000.0
2017-03-06 00:00:00+00:00,616000.0,441000.0
2017-03-07 00:00:00+00:00,691000.0,479000.0
2017-03-08 00:00:00+00:00,750000.0,553000.0
2017-03-09 00:00:00+00:00,791000.0,624000.0
2017-03-10 00:00:00+00:00,822000.0,689000.0
2017-03-11 00:00:00+00:00,837000.0,744000.0
2017-03-12 00:00:00+00:00,841000.0,794000.0
2017-03-13 00:00:00+00:00,827000.0,835000.0
2017-03-14 00:00:00+00:00,800000.0,862000.0
2017-03-15 00:00:00+00:00,773000.0,879000.0
2017-03-16 00:00:00+00:00,751000.0,881000.0
2017-03-17 00:00:00+00:00,732000.0,867000.0
2017-03-18 00:00:00+00:00,709000.0,850000.0
2017-03-19 00:00:00+00:00,666000.0,828000.0
2017-03-20 00:00:00+00:00,611000.0,799000.0
2017-03-21 00:00:00+00:00,566000.0,770000.0
2017-03-22 00:00:00+00:00,528000.0,736000.0
2017-03-23 00:00:00+00:00,506000.0,697000.0
2017-03-24 00:00:00+00:00,499000.0,654000.0
2017-03-25 00:00:00+00:00,507000.0,620000.0
2017-03-26 00:00:00+00:00,523000.0,601000.0
2017-03-27 00:00:00+00:00,532000.0,590000.0
2017-03-28 00:00:00+00:00,533000.0,587000.0
2017-03-29 00:00:00+00:00,517000.0,588000.0
2017-03-30 00:00:00+00:00,497000.0,597000.0
2017-03-31 00:00:00+00:00,501000.0,602000.0
2017-04-01 00:00:00+00:00,525000.0,598000.0
2017-04-02 00:00:00+00:00,556000.0,597000.0
2017-04-03 00:00:00+00:00,597000.0,635000.0
2017-04-04 00:00:00+00:00,644000.0,664000.0
2017-04-05 00:00:00+00:00,698000.0,697000.0
2017-04-06 00:00:00+00:00,752000.0,732000.0
2017-04-07 00:00:00+00:00,796000.0,769000.0
2017-04-08 00:00:00+00:00,835000.0,802000.0
2017-04-09 00:00:00+00:00,865000.0,834000.0
2017-04-10 00:00:00+00:00,887000.0,862000.0
2017-04-11 00:00:00+00:00,905000.0,888000.0
2017-04-12 00:00:00+00:00,919000.0,914000.0
2017-04-13 00:00:00+00:00,926000.0,939000.0
2017-04-14 00:00:00+00:00,924000.0,960000.0
2017-04-15 00:00:00+00:00,917000.0,976000.0
2017-04-16 00:00:00+00:00,905000.0,984000.0
2017-04-17 00:00:00+00:00,874000.0,985000.0
2017-04-18 00:00:00+00:00,827000.0,979000.0
2017-04-19 00:00:00+00:00,773000.0,968000.0
2017-04-20 00:00:00+00:00,729000.0,955000.0
2017-04-21 00:00:00+00:00,692000.0,939000.0
2017-04-22 00:00:00+00:00,679000.0,919000.0
2017-04-23 00:00:00+00:00,687000.0,899000.0
2017-04-24 00:00:00+00:00,702000.0,873000.0
2017-04-25 00:00:00+00:00,728000.0,851000.0
2017-04-26 00:00:00+00:00,770000.0,842000.0
2017-04-27 00:00:00+00:00,819000.0,856000.0
2017-04-28 00:00:00+00:00,859000.0,872000.0
2017-04-29 00:00:00+00:00,909000.0,896000.0
2017-04-30 00:00:00+00:00,965000.0,935000.0
2017-05-01 00:00:00+00:00,1010000.0,978000.0
2017-05-02 00:00:00+00:00,1050000.0,1020000.0
2017-05-03 00:00:00+00:00,1090000.0,1070000.0
2017-05-04 00:00:00+00:00,1120000.0,1130000.0
2017-05-05 00:00:00+00:00,1160000.0,1180000.0
2017-05-06 00:00:00+00:00,1200000.0,1230000.0
2017-05-07 00:00:00+00:00,1230000.0,1270000.0
2017-05-08 00:00:00+00:00,1260000.0,1310000.0
2017-05-09 00:00:00+00:00,1290000.0,1350000.0
2017-05-10 00:00:00+00:00,1320000.0,1380000.0
2017-05-11 00:00:00+00:00,1340000.0,1410000.0
2017-05-12 00:00:00+00:00,1360000.0,1450000.0
2017-05-13 00:00:00+00:00,1370000.0,1480000.0
2017-05-14 00:00:00+00:00,1370000.0,1520000.0
2017-05-15 00:00:00+00:00,1360000.0,1560000.0
2017-05-16 00:00:00+00:00,1360000.0,1590000.0
2017-05-17 00:00:00+00:00,1350000.0,1620000.0
2017-05-18 00:00:00+00:00,1330000.0,1640000.0
2017-05-19 00:00:00+00:00,1320000.0,1660000.0
2017-05-20 00:00:00+00:00,1300000.0,1670000.0
2017-05-21 00:00:00+00:00,1270000.0,1680000.0
2017-05-22 00:00:00+00:00,1240000.0,1690000.0
2017-05-23 00:00:00+00:00,1210000.0,1690000.0
2017-05-24 00:00:00+00:00,1160000.0,1700000.0
2017-05-25 00:00:00+00:00,1110000.0,1700000.0
2017-05-26 00:00:00+00:00,1070000.0,1690000.0
2017-05-27 00:00:00+00:00,1030000.0,1670000.0
2017-05-28 00:00:00+00:00,1010000.0,1650000.0
2017-05-29 00:00:00+00:00,999000.0,1630000.0
2017-05-30 00:00:00+00:00,990000.0,1600000.0
2017-05-31 00:00:00+00:00,987000.0,1570000.0
2017-06-01 00:00:00+00:00,985000.0,1540000.0
2017-06-02 00:00:00+00:00,982000.0,1510000.0
2017-06-03 00:00:00+00:00,976000.0,1480000.0
2017-06-04 00:00:00+00:00,964000.0,1450000.0
2017-06-05 00:00:00+00:00,943000.0,1420000.0
2017-06-06 00:00:00+00:00,918000.0,1390000.0
2017-06-07 00:00:00+00:00,889000.0,1360000.0
2017-06-08 00:00:00+00:00,850000.0,1340000.0
2017-06-09 00:00:00+00:00,805000.0,1310000.0
2017-06-10 00:00:00+00:00,774000.0,1280000.0
2017-06-11 00:00:00+00:00,758000.0,1250000.0
2017-06-12 00:00:00+00:00,742000.0,1210000.0
2017-06-13 00:00:00+00:00,708000.0,1170000.0
2017-06-14 00:00:00+00:00,663000.0,1130000.0
2017-06-15 00:00:00+00:00,623000.0,1100000.0
2017-06-16 00:00:00+00:00,588000.0,1070000.0
2017-06-17 00:00:00+00:00,554000.0,1030000.0
2017-06-18 00:00:00+00:00,529000.0,991000.0
2017-06-19 00:00:00+00:00,521000.0,949000.0
2017-06-20 00:00:00+00:00,519000.0,904000.0
2017-06-21 00:00:00+00:00,520000.0,859000.0
2017-06-22 00:00:00+00:00,528000.0,816000.0
2017-06-23 00:00:00+00:00,555000.0,782000.0
2017-06-24 00:00:00+00:00,587000.0,767000.0
2017-06-25 00:00:00+00:00,613000.0,755000.0
2017-06-26 00:00:00+00:00,629000.0,749000.0
2017-06-27 00:00:00+00:00,632000.0,749000.0
2017-06-28 00:00:00+00:00,636000.0,754000.0
2017-06-29 00:00:00+00:00,643000.0,761000.0
2017-06-30 00:00:00+00:00,650000.0,763000.0
2017-07-01 00:00:00+00:00,654000.0,763000.0
2017-07-02 00:00:00+00:00,641000.0,772000.0
2017-07-03 00:00:00+00:00,606000.0,778000.0
2017-07-04 00:00:00+00:00,563000.0,780000.0
2017-07-05 00:00:00+00:00,553000.0,770000.0
2017-07-06 00:00:00+00:00,577000.0,752000.0
2017-07-07 00:00:00+00:00,608000.0,729000.0
2017-07-08 00:00:00+00:00,636000.0,708000.0
2017-07-09 00:00:00+00:00,659000.0,701000.0
2017-07-10 00:00:00+00:00,667000.0,715000.0
2017-07-11 00:00:00+00:00,660000.0,738000.0
2017-07-12 00:00:00+00:00,643000.0,761000.0
2017-07-13 00:00:00+00:00,615000.0,772000.0
2017-07-14 00:00:00+00:00,580000.0,773000.0
2017-07-15 00:00:00+00:00,546000.0,766000.0
2017-07-16 00:00:00+00:00,518000.0,747000.0
2017-07-17 00:00:00+00:00,502000.0,719000.0
2017-07-18 00:00:00+00:00,496000.0,687000.0
2017-07-19 00:00:00+00:00,498000.0,655000.0
2017-07-20 00:00:00+00:00,508000.0,626000.0
2017-07-21 00:00:00+00:00,517000.0,604000.0
2017-07-22 00:00:00+00:00,515000.0,587000.0
2017-07-23 00:00:00+00:00,495000.0,580000.0
2017-07-24 00:00:00+00:00,463000.0,578000.0
2017-07-25 00:00:00+00:00,435000.0,576000.0
2017-07-26 00:00:00+00:00,422000.0,566000.0
2017-07-27 00:00:00+00:00,423000.0,546000.0
2017-07-28 00:00:00+00:00,439000.0,521000.0
2017-07-29 00:00:00+00:00,464000.0,506000.0
2017-07-30 00:00:00+00:00,489000.0,500000.0
2017-07-31 00:00:00+00:00,508000.0,502000.0
2017-08-01 00:00:00+00:00,519000.0,505000.0
2017-08-02 00:00:00+00:00,528000.0,518000.0
2017-08-03 00:00:00+00:00,541000.0,534000.0
2017-08-04 00:00:00+00:00,552000.0,548000.0
2017-08-05 00:00:00+00:00,549000.0,559000.0
2017-08-06 00:00:00+00:00,528000.0,571000.0
2017-08-07 00:00:00+00:00,489000.0,583000.0
2017-08-08 00:00:00+00:00,443000.0,596000.0
2017-08-09 00:00:00+00:00,400000.0,608000.0
2017-08-10 00:00:00+00:00,371000.0,603000.0
2017-08-11 00:00:00+00:00,352000.0,581000.0
2017-08-12 00:00:00+00:00,340000.0,545000.0
2017-08-13 00:00:00+00:00,343000.0,509000.0
2017-08-14 00:00:00+00:00,350000.0,481000.0
2017-08-15 00:00:00+00:00,353000.0,463000.0
2017-08-16 00:00:00+00:00,354000.0,466000.0
2017-08-17 00:00:00+00:00,347000.0,476000.0
2017-08-18 00:00:00+00:00,342000.0,494000.0
2017-08-19 00:00:00+00:00,334000.0,506000.0
2017-08-20 00:00:00+00:00,323000.0,504000.0
2017-08-21 00:00:00+00:00,319000.0,496000.0
2017-08-22 00:00:00+00:00,311000.0,472000.0
2017-08-23 00:00:00+00:00,304000.0,449000.0
2017-08-24 00:00:00+00:00,306000.0,433000.0
2017-08-25 00:00:00+00:00,304000.0,420000.0
2017-08-26 00:00:00+00:00,302000.0,414000.0
2017-08-27 00:00:00+00:00,306000.0,406000.0
2017-08-28 00:00:00+00:00,324000.0,398000.0
2017-08-29 00:00:00+00:00,352000.0,388000.0
2017-08-30 00:00:00+00:00,366000.0,380000.0
2017-08-31 00:00:00+00:00,372000.0,393000.0
2017-09-01 00:00:00+00:00,395000.0,411000.0
2017-09-02 00:00:00+00:00,406000.0,434000.0
2017-09-03 00:00:00+00:00,421000.0,461000.0
2017-09-04 00:00:00+00:00,426000.0,478000.0
2017-09-05 00:00:00+00:00,456000.0,491000.0
2017-09-06 00:00:00+00:00,487000.0,506000.0
2017-09-07 00:00:00+00:00,474000.0,518000.0
2017-09-08 00:00:00+00:00,437000.0,531000.0
2017-09-09 00:00:00+00:00,402000.0,541000.0
2017-09-10 00:00:00+00:00,374000.0,537000.0
2017-09-11 00:00:00+00:00,356000.0,520000.0
2017-09-12 00:00:00+00:00,348000.0,496000.0
2017-09-13 00:00:00+00:00,343000.0,470000.0
2017-09-14 00:00:00+00:00,335000.0,449000.0
2017-09-15 00:00:00+00:00,317000.0,434000.0
2017-09-16 00:00:00+00:00,301000.0,421000.0
2017-09-17 00:00:00+00:00,293000.0,407000.0
2017-09-18 00:00:00+00:00,282000.0,390000.0
2017-09-19 00:00:00+00:00,262000.0,373000.0
2017-09-20 00:00:00+00:00,247000.0,359000.0
2017-09-21 00:00:00+00:00,245000.0,347000.0
2017-09-22 00:00:00+00:00,248000.0,331000.0
2017-09-23 00:00:00+00:00,249000.0,316000.0
2017-09-24 00:00:00+00:00,243000.0,304000.0
2017-09-25 00:00:00+00:00,235000.0,298000.0
2017-09-26 00:00:00+00:00,234000.0,292000.0
2017-09-27 00:00:00+00:00,232000.0,285000.0
2017-09-28 00:00:00+00:00,226000.0,279000.0
2017-09-29 00:00:00+00:00,225000.0,274000.0
2017-09-30 00:00:00+00:00,219000.0,267000.0
2017-10-01 00:00:00+00:00,206000.0,263000.0
2017-10-02 00:00:00+00:00,197000.0,257000.0
2017-10-03 00:00:00+00:00,196000.0,250000.0
2017-10-04 00:00:00+00:00,200000.0,242000.0
2017-10-05 00:00:00+00:00,202000.0,236000.0
2017-10-06 00:00:00+00:00,196000.0,237000.0
2017-10-07 00:00:00+00:00,191000.0,236000.0
2017-10-08 00:00:00+00:00,193000.0,240000.0
2017-10-09 00:00:00+00:00,201000.0,245000.0
2017-10-10 00:00:00+00:00,216000.0,243000.0
2017-10-11 00:00:00+00:00,238000.0,242000.0
2017-10-12 00:00:00+00:00,264000.0,250000.0
2017-10-13 00:00:00+00:00,292000.0,263000.0
2017-10-14 00:00:00+00:00,316000.0,274000.0
2017-10-15 00:00:00+00:00,348000.0,287000.0
2017-10-16 00:00:00+00:00,373000.0,311000.0
2017-10-17 00:00:00+00:00,376000.0,344000.0
2017-10-18 00:00:00+00:00,370000.0,368000.0
2017-10-19 00:00:00+00:00,370000.0,386000.0
2017-10-20 00:00:00+00:00,377000.0,402000.0
2017-10-21 00:00:00+00:00,382000.0,406000.0
2017-10-22 00:00:00+00:00,386000.0,410000.0
2017-10-23 00:00:00+00:00,387000.0,414000.0
2017-10-24 00:00:00+00:00,385000.0,423000.0
2017-10-25 00:00:00+00:00,377000.0,433000.0
2017-10-26 00:00:00+00:00,368000.0,429000.0
2017-10-27 00:00:00+00:00,367000.0,427000.0
2017-10-28 00:00:00+00:00,374000.0,425000.0
2017-10-29 00:00:00+00:00,391000.0,422000.0
2017-10-30 00:00:00+00:00,416000.0,418000.0
2017-10-31 00:00:00+00:00,434000.0,424000.0
2017-11-01 00:00:00+00:00,435000.0,431000.0
2017-11-02 00:00:00+00:00,426000.0,441000.0
2017-11-03 00:00:00+00:00,419000.0,457000.0
2017-11-04 00:00:00+00:00,417000.0,467000.0
2017-11-05 00:00:00+00:00,418000.0,467000.0
2017-11-06 00:00:00+00:00,425000.0,468000.0
2017-11-07 00:00:00+00:00,432000.0,464000.0
2017-11-08 00:00:00+00:00,437000.0,463000.0
2017-11-09 00:00:00+00:00,443000.0,468000.0
2017-11-10 00:00:00+00:00,468000.0,472000.0
2017-11-11 00:00:00+00:00,516000.0,478000.0
2017-11-12 00:00:00+00:00,555000.0,484000.0
2017-11-13 00:00:00+00:00,578000.0,497000.0
2017-11-14 00:00:00+00:00,591000.0,526000.0
2017-11-15 00:00:00+00:00,593000.0,560000.0
2017-11-16 00:00:00+00:00,575000.0,589000.0
2017-11-17 00:00:00+00:00,537000.0,609000.0
2017-11-18 00:00:00+00:00,497000.0,617000.0
2017-11-19 00:00:00+00:00,459000.0,610000.0
2017-11-20 00:00:00+00:00,428000.0,587000.0
2017-11-21 00:00:00+00:00,404000.0,558000.0
2017-11-22 00:00:00+00:00,387000.0,526000.0
2017-11-23 00:00:00+00:00,383000.0,497000.0
2017-11-24 00:00:00+00:00,392000.0,471000.0
2017-11-25 00:00:00+00:00,407000.0,448000.0
2017-11-26 00:00:00+00:00,425000.0,432000.0
2017-11-27 00:00:00+00:00,444000.0,424000.0
2017-11-28 00:00:00+00:00,452000.0,425000.0
2017-11-29 00:00:00+00:00,446000.0,433000.0
2017-11-30 00:00:00+00:00,435000.0,444000.0
2017-12-01 00:00:00+00:00,424000.0,453000.0
2017-12-02 00:00:00+00:00,405000.0,455000.0
2017-12-03 00:00:00+00:00,382000.0,453000.0
2017-12-04 00:00:00+00:00,363000.0,440000.0
2017-12-05 00:00:00+00:00,354000.0,426000.0
2017-12-06 00:00:00+00:00,344000.0,411000.0
2017-12-07 00:00:00+00:00,333000.0,395000.0
2017-12-08 00:00:00+00:00,321000.0,383000.0
2017-12-09 00:00:00+00:00,309000.0,371000.0
2017-12-10 00:00:00+00:00,300000.0,360000.0
2017-12-11 00:00:00+00:00,294000.0,345000.0
2017-12-12 00:00:00+00:00,281000.0,329000.0
2017-12-13 00:00:00+00:00,271000.0,317000.0
2017-12-14 00:00:00+00:00,271000.0,308000.0
2017-12-15 00:00:00+00:00,269000.0,297000.0
2017-12-16 00:00:00+00:00,262000.0,288000.0
2017-12-17 00:00:00+00:00,256000.0,281000.0
2017-12-18 00:00:00+00:00,250000.0,276000.0
2017-12-19 00:00:00+00:00,240000.0,269000.0
2017-12-20 00:00:00+00:00,242000.0,267000.0
2017-12-21 00:00:00+00:00,248000.0,276000.0
2017-12-22 00:00:00+00:00,261000.0,288000.0
2017-12-23 00:00:00+00:00,300000.0,304000.0
2017-12-24 00:00:00+00:00,309000.0,324000.0
2017-12-25 00:00:00+00:00,331000.0,356000.0
2017-12-26 00:00:00+00:00,375000.0,390000.0
2017-12-27 00:00:00+00:00,436000.0,416000.0
2017-12-28 00:00:00+00:00,504000.0,443000.0
2017-12-29 00:00:00+00:00,544000.0,478000.0
2017-12-30 00:00:00+00:00,557000.0,525000.0
2017-12-31 00:00:00+00:00,542000.0,572000.0
2018-01-01 00:00:00+00:00,513000.0,609000.0
2018-01-02 00:00:00+00:00,477000.0,628000.0
2018-01-03 00:00:00+00:00,440000.0,628000.0
2018-01-04 00:00:00+00:00,407000.0,611000.0
2018-01-05 00:00:00+00:00,373000.0,584000.0
2018-01-06 00:00:00+00:00,336000.0,554000.0
2018-01-07 00:00:00+00:00,302000.0,520000.0
2018-01-08 00:00:00+00:00,275000.0,489000.0
2018-01-09 00:00:00+00:00,260000.0,454000.0
2018-01-10 00:00:00+00:00,255000.0,418000.0
2018-01-11 00:00:00+00:00,247000.0,384000.0
2018-01-12 00:00:00+00:00,245000.0,358000.0
2018-01-13 00:00:00+00:00,241000.0,344000.0
2018-01-14 00:00:00+00:00,245000.0,344000.0
2018-01-15 00:00:00+00:00,267000.0,338000.0
2018-01-16 00:00:00+00:00,294000.0,328000.0
2018-01-17 00:00:00+00:00,324000.0,327000.0
2018-01-18 00:00:00+00:00,368000.0,338000.0
2018-01-19 00:00:00+00:00,429000.0,361000.0
2018-01-20 00:00:00+00:00,488000.0,383000.0
2018-01-21 00:00:00+00:00,520000.0,414000.0
2018-01-22 00:00:00+00:00,531000.0,457000.0
2018-01-23 00:00:00+00:00,522000.0,506000.0
2018-01-24 00:00:00+00:00,492000.0,549000.0
2018-01-25 00:00:00+00:00,459000.0,575000.0
2018-01-26 00:00:00+00:00,439000.0,581000.0
2018-01-27 00:00:00+00:00,435000.0,572000.0
2018-01-28 00:00:00+00:00,445000.0,555000.0
2018-01-29 00:00:00+00:00,461000.0,537000.0
2018-01-30 00:00:00+00:00,483000.0,527000.0
2018-01-31 00:00:00+00:00,506000.0,524000.0
2018-02-01 00:00:00+00:00,516000.0,530000.0
2018-02-02 00:00:00+00:00,516000.0,544000.0
2018-02-03 00:00:00+00:00,513000.0,556000.0
2018-02-04 00:00:00+00:00,510000.0,574000.0
2018-02-05 00:00:00+00:00,499000.0,589000.0
2018-02-06 00:00:00+00:00,477000.0,593000.0
2018-02-07 00:00:00+00:00,465000.0,599000.0
2018-02-08 00:00:00+00:00,448000.0,613000.0
2018-02-09 00:00:00+00:00,429000.0,615000.0
2018-02-10 00:00:00+00:00,444000.0,610000.0
2018-02-11 00:00:00+00:00,496000.0,610000.0
2018-02-12 00:00:00+00:00,559000.0,609000.0
2018-02-13 00:00:00+00:00,619000.0,622000.0
2018-02-14 00:00:00+00:00,692000.0,652000.0
2018-02-15 00:00:00+00:00,758000.0,695000.0
2018-02-16 00:00:00+00:00,793000.0,750000.0
2018-02-17 00:00:00+00:00,822000.0,803000.0
2018-02-18 00:00:00+00:00,851000.0,849000.0
2018-02-19 00:00:00+00:00,872000.0,884000.0
2018-02-20 00:00:00+00:00,891000.0,913000.0
2018-02-21 00:00:00+00:00,921000.0,941000.0
2018-02-22 00:00:00+00:00,975000.0,982000.0
2018-02-23 00:00:00+00:00,1010000.0,1030000.0
2018-02-24 00:00:00+00:00,1060000.0,1090000.0
2018-02-25 00:00:00+00:00,1120000.0,1150000.0
2018-02-26 00:00:00+00:00,1160000.0,1200000.0
2018-02-27 00:00:00+00:00,1220000.0,1260000.0
2018-02-28 00:00:00+00:00,1290000.0,1310000.0
2018-03-01 00:00:00+00:00,1380000.0,1370000.0
2018-03-02 00:00:00+00:00,1440000.0,1410000.0
2018-03-03 00:00:00+00:00,1490000.0,1460000.0
2018-03-04 00:00:00+00:00,1530000.0,1510000.0
2018-03-05 00:00:00+00:00,1570000.0,1560000.0
2018-03-06 00:00:00+00:00,1600000.0,1620000.0
2018-03-07 00:00:00+00:00,1610000.0,1670000.0
2018-03-08 00:00:00+00:00,1610000.0,1720000.0
2018-03-09 00:00:00+00:00,1610000.0,1740000.0
2018-03-10 00:00:00+00:00,1610000.0,1760000.0
2018-03-11 00:00:00+00:00,1600000.0,1780000.0
2018-03-12 00:00:00+00:00,1590000.0,1790000.0
2018-03-13 00:00:00+00:00,1580000.0,1800000.0
2018-03-14 00:00:00+00:00,1560000.0,1810000.0
2018-03-15 00:00:00+00:00,1530000.0,1810000.0
2018-03-16 00:00:00+00:00,1500000.0,1810000.0
2018-03-17 00:00:00+00:00,1450000.0,1800000.0
2018-03-18 00:00:00+00:00,1400000.0,1790000.0
2018-03-19 00:00:00+00:00,1320000.0,1770000.0
2018-03-20 00:00:00+00:00,1220000.0,1740000.0
2018-03-21 00:00:00+00:00,1080000.0,1720000.0
2018-03-22 00:00:00+00:00,914000.0,1680000.0
2018-03-23 00:00:00+00:00,769000.0,1640000.0
2018-03-24 00:00:00+00:00,676000.0,1590000.0
2018-03-25 00:00:00+00:00,633000.0,1530000.0
2018-03-26 00:00:00+00:00,621000.0,1460000.0
2018-03-27 00:00:00+00:00,632000.0,1380000.0
2018-03-28 00:00:00+00:00,682000.0,1310000.0
2018-03-29 00:00:00+00:00,753000.0,1260000.0
2018-03-30 00:00:00+00:00,814000.0,1210000.0
2018-03-31 00:00:00+00:00,877000.0,1180000.0
2018-04-01 00:00:00+00:00,939000.0,1170000.0
2018-04-02 00:00:00+00:00,983000.0,1180000.0
2018-04-03 00:00:00+00:00,1010000.0,1180000.0
2018-04-04 00:00:00+00:00,1030000.0,1200000.0
2018-04-05 00:00:00+00:00,1030000.0,1210000.0
2018-04-06 00:00:00+00:00,1040000.0,1220000.0
2018-04-07 00:00:00+00:00,1050000.0,1230000.0
2018-04-08 00:00:00+00:00,1050000.0,1240000.0
2018-04-09 00:00:00+00:00,1060000.0,1250000.0
2018-04-10 00:00:00+00:00,1070000.0,1250000.0
2018-04-11 00:00:00+00:00,1080000.0,1260000.0
2018-04-12 00:00:00+00:00,1080000.0,1250000.0
2018-04-13 00:00:00+00:00,1090000.0,1250000.0
2018-04-14 00:00:00+00:00,1110000.0,1250000.0
2018-04-15 00:00:00+00:00,1120000.0,1250000.0
2018-04-16 00:00:00+00:00,1120000.0,1250000.0
2018-04-17 00:00:00+00:00,1110000.0,1250000.0
2018-04-18 00:00:00+00:00,1110000.0,1260000.0
2018-04-19 00:00:00+00:00,1110000.0,1250000.0
2018-04-20 00:00:00+00:00,1090000.0,1250000.0
2018-04-21 00:00:00+00:00,1060000.0,1240000.0
2018-04-22 00:00:00+00:00,1030000.0,1240000.0
2018-04-23 00:00:00+00:00,1020000.0,1230000.0
2018-04-24 00:00:00+00:00,1010000.0,1230000.0
2018-04-25 00:00:00+00:00,1010000.0,1220000.0
2018-04-26 00:00:00+00:00,1040000.0,1210000.0
2018-04-27 00:00:00+00:00,1060000.0,1190000.0
2018-04-28 00:00:00+00:00,1070000.0,1190000.0
2018-04-29 00:00:00+00:00,1070000.0,1180000.0
2018-04-30 00:00:00+00:00,1070000.0,1170000.0
2018-05-01 00:00:00+00:00,1060000.0,1170000.0
2018-05-02 00:00:00+00:00,1040000.0,1160000.0
2018-05-03 00:00:00+00:00,1010000.0,1160000.0
2018-05-04 00:00:00+00:00,961000.0,1150000.0
2018-05-05 00:00:00+00:00,884000.0,1150000.0
2018-05-06 00:00:00+00:00,786000.0,1140000.0
2018-05-07 00:00:00+00:00,704000.0,1130000.0
2018-05-08 00:00:00+00:00,648000.0,1110000.0
2018-05-09 00:00:00+00:00,619000.0,1090000.0
2018-05-10 00:00:00+00:00,612000.0,1050000.0
2018-05-11 00:00:00+00:00,626000.0,1010000.0
2018-05-12 00:00:00+00:00,654000.0,973000.0
2018-05-13 00:00:00+00:00,682000.0,935000.0
2018-05-14 00:00:00+00:00,694000.0,904000.0
2018-05-15 00:00:00+00:00,685000.0,881000.0
2018-05-16 00:00:00+00:00,658000.0,868000.0
2018-05-17 00:00:00+00:00,628000.0,860000.0
2018-05-18 00:00:00+00:00,603000.0,854000.0
2018-05-19 00:00:00+00:00,596000.0,839000.0
2018-05-20 00:00:00+00:00,615000.0,817000.0
2018-05-21 00:00:00+00:00,644000.0,791000.0
2018-05-22 00:00:00+00:00,678000.0,769000.0
2018-05-23 00:00:00+00:00,694000.0,761000.0
2018-05-24 00:00:00+00:00,702000.0,770000.0
2018-05-25 00:00:00+00:00,709000.0,783000.0
2018-05-26 00:00:00+00:00,718000.0,797000.0
2018-05-27 00:00:00+00:00,730000.0,813000.0
2018-05-28 00:00:00+00:00,733000.0,824000.0
2018-05-29 00:00:00+00:00,725000.0,829000.0
2018-05-30 00:00:00+00:00,721000.0,826000.0
2018-05-31 00:00:00+00:00,713000.0,826000.0
2018-06-01 00:00:00+00:00,709000.0,824000.0
2018-06-02 00:00:00+00:00,707000.0,817000.0
2018-06-03 00:00:00+00:00,701000.0,811000.0
2018-06-04 00:00:00+00:00,699000.0,804000.0
2018-06-05 00:00:00+00:00,693000.0,798000.0
2018-06-06 00:00:00+00:00,673000.0,791000.0
2018-06-07 00:00:00+00:00,642000.0,783000.0
2018-06-08 00:00:00+00:00,614000.0,774000.0
2018-06-09 00:00:00+00:00,585000.0,759000.0
2018-06-10 00:00:00+00:00,556000.0,738000.0
2018-06-11 00:00:00+00:00,532000.0,713000.0
2018-06-12 00:00:00+00:00,510000.0,684000.0
2018-06-13 00:00:00+00:00,488000.0,649000.0
2018-06-14 00:00:00+00:00,475000.0,620000.0
2018-06-15 00:00:00+00:00,480000.0,590000.0
2018-06-16 00:00:00+00:00,503000.0,564000.0
2018-06-17 00:00:00+00:00,536000.0,546000.0
2018-06-18 00:00:00+00:00,558000.0,536000.0
2018-06-19 00:00:00+00:00,568000.0,540000.0
2018-06-20 00:00:00+00:00,571000.0,553000.0
2018-06-21 00:00:00+00:00,561000.0,570000.0
2018-06-22 00:00:00+00:00,544000.0,585000.0
2018-06-23 00:00:00+00:00,522000.0,601000.0
2018-06-24 00:00:00+00:00,514000.0,604000.0
2018-06-25 00:00:00+00:00,512000.0,593000.0
2018-06-26 00:00:00+00:00,529000.0,584000.0
2018-06-27 00:00:00+00:00,571000.0,576000.0
2018-06-28 00:00:00+00:00,620000.0,566000.0
2018-06-29 00:00:00+00:00,678000.0,569000.0
2018-06-30 00:00:00+00:00,730000.0,587000.0
2018-07-01 00:00:00+00:00,772000.0,621000.0
2018-07-02 00:00:00+00:00,795000.0,664000.0
2018-07-03 00:00:00+00:00,800000.0,702000.0
2018-07-04 00:00:00+00:00,791000.0,736000.0
2018-07-05 00:00:00+00:00,772000.0,765000.0
2018-07-06 00:00:00+00:00,738000.0,784000.0
2018-07-07 00:00:00+00:00,702000.0,795000.0
2018-07-08 00:00:00+00:00,675000.0,795000.0
2018-07-09 00:00:00+00:00,656000.0,787000.0
2018-07-10 00:00:00+00:00,640000.0,772000.0
2018-07-11 00:00:00+00:00,625000.0,754000.0
2018-07-12 00:00:00+00:00,609000.0,738000.0
2018-07-13 00:00:00+00:00,590000.0,718000.0
2018-07-14 00:00:00+00:00,563000.0,697000.0
2018-07-15 00:00:00+00:00,536000.0,672000.0
2018-07-16 00:00:00+00:00,520000.0,647000.0
2018-07-17 00:00:00+00:00,500000.0,622000.0
2018-07-18 00:00:00+00:00,486000.0,597000.0
2018-07-19 00:00:00+00:00,479000.0,573000.0
2018-07-20 00:00:00+00:00,470000.0,548000.0
2018-07-21 00:00:00+00:00,460000.0,529000.0
2018-07-22 00:00:00+00:00,450000.0,517000.0
2018-07-23 00:00:00+00:00,444000.0,504000.0
2018-07-24 00:00:00+00:00,445000.0,490000.0
2018-07-25 00:00:00+00:00,451000.0,478000.0
2018-07-26 00:00:00+00:00,451000.0,469000.0
2018-07-27 00:00:00+00:00,444000.0,464000.0
2018-07-28 00:00:00+00:00,434000.0,462000.0
2018-07-29 00:00:00+00:00,426000.0,461000.0
2018-07-30 00:00:00+00:00,419000.0,455000.0
2018-07-31 00:00:00+00:00,409000.0,450000.0
2018-08-01 00:00:00+00:00,402000.0,445000.0
2018-08-02 00:00:00+00:00,395000.0,438000.0
2018-08-03 00:00:00+00:00,393000.0,428000.0
2018-08-04 00:00:00+00:00,398000.0,420000.0
2018-08-05 00:00:00+00:00,405000.0,410000.0
2018-08-06 00:00:00+00:00,410000.0,402000.0
2018-08-07 00:00:00+00:00,409000.0,397000.0
2018-08-08 00:00:00+00:00,403000.0,400000.0
2018-08-09 00:00:00+00:00,393000.0,407000.0
2018-08-10 00:00:00+00:00,384000.0,409000.0
2018-08-11 00:00:00+00:00,377000.0,408000.0
2018-08-12 00:00:00+00:00,367000.0,405000.0
2018-08-13 00:00:00+00:00,358000.0,399000.0
2018-08-14 00:00:00+00:00,360000.0,391000.0
2018-08-15 00:00:00+00:00,367000.0,382000.0
2018-08-16 00:00:00+00:00,375000.0,377000.0
2018-08-17 00:00:00+00:00,383000.0,381000.0
2018-08-18 00:00:00+00:00,368000.0,400000.0
2018-08-19 00:00:00+00:00,357000.0,422000.0
2018-08-20 00:00:00+00:00,360000.0,436000.0
2018-08-21 00:00:00+00:00,365000.0,447000.0
2018-08-22 00:00:00+00:00,370000.0,450000.0
2018-08-23 00:00:00+00:00,374000.0,448000.0
2018-08-24 00:00:00+00:00,379000.0,442000.0
2018-08-25 00:00:00+00:00,377000.0,438000.0
2018-08-26 00:00:00+00:00,367000.0,434000.0
2018-08-27 00:00:00+00:00,358000.0,430000.0
2018-08-28 00:00:00+00:00,358000.0,423000.0
2018-08-29 00:00:00+00:00,365000.0,415000.0
2018-08-30 00:00:00+00:00,369000.0,408000.0
2018-08-31 00:00:00+00:00,367000.0,398000.0
2018-09-01 00:00:00+00:00,364000.0,394000.0
2018-09-02 00:00:00+00:00,360000.0,392000.0
2018-09-03 00:00:00+00:00,359000.0,388000.0
2018-09-04 00:00:00+00:00,364000.0,385000.0
2018-09-05 00:00:00+00:00,366000.0,378000.0
2018-09-06 00:00:00+00:00,366000.0,376000.0
2018-09-07 00:00:00+00:00,364000.0,385000.0
2018-09-08 00:00:00+00:00,363000.0,394000.0
2018-09-09 00:00:00+00:00,380000.0,404000.0
2018-09-10 00:00:00+00:00,414000.0,415000.0
2018-09-11 00:00:00+00:00,518000.0,422000.0
2018-09-12 00:00:00+00:00,620000.0,434000.0
2018-09-13 00:00:00+00:00,709000.0,465000.0
2018-09-14 00:00:00+00:00,783000.0,527000.0
2018-09-15 00:00:00+00:00,830000.0,604000.0
2018-09-16 00:00:00+00:00,856000.0,673000.0
2018-09-17 00:00:00+00:00,871000.0,732000.0
2018-09-18 00:00:00+00:00,881000.0,783000.0
2018-09-19 00:00:00+00:00,886000.0,823000.0
2018-09-20 00:00:00+00:00,884000.0,855000.0
2018-09-21 00:00:00+00:00,869000.0,877000.0
2018-09-22 00:00:00+00:00,828000.0,893000.0
2018-09-23 00:00:00+00:00,786000.0,906000.0
2018-09-24 00:00:00+00:00,760000.0,914000.0
2018-09-25 00:00:00+00:00,738000.0,916000.0
2018-09-26 00:00:00+00:00,712000.0,909000.0
2018-09-27 00:00:00+00:00,695000.0,896000.0
2018-09-28 00:00:00+00:00,708000.0,880000.0
2018-09-29 00:00:00+00:00,745000.0,868000.0
2018-09-30 00:00:00+00:00,783000.0,853000.0
2018-10-01 00:00:00+00:00,813000.0,841000.0
2018-10-02 00:00:00+00:00,830000.0,837000.0
2018-10-03 00:00:00+00:00,839000.0,843000.0
2018-10-04 00:00:00+00:00,846000.0,851000.0
2018-10-05 00:00:00+00:00,853000.0,863000.0
2018-10-06 00:00:00+00:00,857000.0,874000.0
2018-10-07 00:00:00+00:00,850000.0,883000.0
2018-10-08 00:00:00+00:00,817000.0,891000.0
2018-10-09 00:00:00+00:00,760000.0,897000.0
2018-10-10 00:00:00+00:00,711000.0,902000.0
2018-10-11 00:00:00+00:00,680000.0,895000.0
2018-10-12 00:00:00+00:00,670000.0,877000.0
2018-10-13 00:00:00+00:00,675000.0,854000.0
2018-10-14 00:00:00+00:00,689000.0,831000.0
2018-10-15 00:00:00+00:00,721000.0,815000.0
2018-10-16 00:00:00+00:00,754000.0,810000.0
2018-10-17 00:00:00+00:00,785000.0,821000.0
2018-10-18 00:00:00+00:00,819000.0,840000.0
2018-10-19 00:00:00+00:00,847000.0,865000.0
2018-10-20 00:00:00+00:00,865000.0,891000.0
2018-10-21 00:00:00+00:00,869000.0,917000.0
2018-10-22 00:00:00+00:00,863000.0,944000.0
2018-10-23 00:00:00+00:00,842000.0,968000.0
2018-10-24 00:00:00+00:00,806000.0,983000.0
2018-10-25 00:00:00+00:00,766000.0,990000.0
2018-10-26 00:00:00+00:00,727000.0,989000.0
2018-10-27 00:00:00+00:00,690000.0,977000.0
2018-10-28 00:00:00+00:00,662000.0,956000.0
2018-10-29 00:00:00+00:00,641000.0,927000.0
2018-10-30 00:00:00+00:00,625000.0,891000.0
2018-10-31 00:00:00+00:00,611000.0,859000.0
2018-11-01 00:00:00+00:00,619000.0,837000.0
2018-11-02 00:00:00+00:00,640000.0,821000.0
2018-11-03 00:00:00+00:00,692000.0,815000.0
2018-11-04 00:00:00+00:00,747000.0,824000.0
2018-11-05 00:00:00+00:00,787000.0,845000.0
2018-11-06 00:00:00+00:00,831000.0,872000.0
2018-11-07 00:00:00+00:00,847000.0,899000.0
2018-11-08 00:00:00+00:00,860000.0,926000.0
2018-11-09 00:00:00+00:00,875000.0,953000.0
2018-11-10 00:00:00+00:00,888000.0,974000.0
2018-11-11 00:00:00+00:00,900000.0,990000.0
2018-11-12 00:00:00+00:00,910000.0,1010000.0
2018-11-13 00:00:00+00:00,913000.0,1030000.0
2018-11-14 00:00:00+00:00,909000.0,1050000.0
2018-11-15 00:00:00+00:00,904000.0,1060000.0
2018-11-16 00:00:00+00:00,903000.0,1060000.0
2018-11-17 00:00:00+00:00,905000.0,1060000.0
2018-11-18 00:00:00+00:00,902000.0,1060000.0
2018-11-19 00:00:00+00:00,894000.0,1050000.0
2018-11-20 00:00:00+00:00,884000.0,1040000.0
2018-11-21 00:00:00+00:00,881000.0,1040000.0
2018-11-22 00:00:00+00:00,883000.0,1030000.0
2018-11-23 00:00:00+00:00,884000.0,1010000.0
2018-11-24 00:00:00+00:00,888000.0,1010000.0
2018-11-25 00:00:00+00:00,886000.0,995000.0
2018-11-26 00:00:00+00:00,871000.0,986000.0
2018-11-27 00:00:00+00:00,840000.0,978000.0
2018-11-28 00:00:00+00:00,804000.0,969000.0
2018-11-29 00:00:00+00:00,775000.0,954000.0
2018-11-30 00:00:00+00:00,753000.0,935000.0
2018-12-01 00:00:00+00:00,752000.0,914000.0
2018-12-02 00:00:00+00:00,758000.0,897000.0
2018-12-03 00:00:00+00:00,766000.0,886000.0
2018-12-04 00:00:00+00:00,782000.0,877000.0
2018-12-05 00:00:00+00:00,807000.0,872000.0
2018-12-06 00:00:00+00:00,848000.0,868000.0
2018-12-07 00:00:00+00:00,894000.0,872000.0
2018-12-08 00:00:00+00:00,936000.0,892000.0
2018-12-09 00:00:00+00:00,973000.0,930000.0
2018-12-10 00:00:00+00:00,985000.0,964000.0
2018-12-11 00:00:00+00:00,981000.0,994000.0
2018-12-12 00:00:00+00:00,961000.0,1020000.0
2018-12-13 00:00:00+00:00,928000.0,1030000.0
2018-12-14 00:00:00+00:00,882000.0,1050000.0
2018-12-15 00:00:00+00:00,833000.0,1060000.0
2018-12-16 00:00:00+00:00,796000.0,1060000.0
2018-12-17 00:00:00+00:00,799000.0,1060000.0
2018-12-18 00:00:00+00:00,824000.0,1050000.0
2018-12-19 00:00:00+00:00,844000.0,1040000.0
2018-12-20 00:00:00+00:00,858000.0,1030000.0
2018-12-21 00:00:00+00:00,869000.0,1030000.0
2018-12-22 00:00:00+00:00,874000.0,1030000.0
2018-12-23 00:00:00+00:00,877000.0,1030000.0
2018-12-24 00:00:00+00:00,880000.0,1020000.0
2018-12-25 00:00:00+00:00,885000.0,1010000.0
2018-12-26 00:00:00+00:00,887000.0,1010000.0
2018-12-27 00:00:00+00:00,890000.0,1010000.0
2018-12-28 00:00:00+00:00,896000.0,1030000.0
2018-12-29 00:00:00+00:00,895000.0,1050000.0
2018-12-30 00:00:00+00:00,907000.0,1060000.0
2018-12-31 00:00:00+00:00,945000.0,1080000.0
2019-01-01 00:00:00+00:00,972000.0,1100000.0
2019-01-02 00:00:00+00:00,990000.0,1110000.0
2019-01-03 00:00:00+00:00,1020000.0,1140000.0
2019-01-04 00:00:00+00:00,1070000.0,1160000.0
2019-01-05 00:00:00+00:00,1110000.0,1180000.0
2019-01-06 00:00:00+00:00,1140000.0,1190000.0
2019-01-07 00:00:00+00:00,1180000.0,1210000.0
2019-01-08 00:00:00+00:00,1210000.0,1230000.0
2019-01-09 00:00:00+00:00,1240000.0,1260000.0
2019-01-10 00:00:00+00:00,1250000.0,1280000.0
2019-01-11 00:00:00+00:00,1250000.0,1290000.0
2019-01-12 00:00:00+00:00,1250000.0,1310000.0
2019-01-13 00:00:00+00:00,1240000.0,1320000.0
2019-01-14 00:00:00+00:00,1220000.0,1330000.0
2019-01-15 00:00:00+00:00,1200000.0,1330000.0
2019-01-16 00:00:00+00:00,1170000.0,1340000.0
2019-01-17 00:00:00+00:00,1130000.0,1340000.0
2019-01-18 00:00:00+00:00,1060000.0,1350000.0
2019-01-19 00:00:00+00:00,996000.0,1350000.0
2019-01-20 00:00:00+00:00,938000.0,1350000.0
2019-01-21 00:00:00+00:00,894000.0,1330000.0
2019-01-22 00:00:00+00:00,885000.0,1310000.0
2019-01-23 00:00:00+00:00,919000.0,1290000.0
2019-01-24 00:00:00+00:00,959000.0,1280000.0
2019-01-25 00:00:00+00:00,982000.0,1260000.0
2019-01-26 00:00:00+00:00,1010000.0,1250000.0
2019-01-27 00:00:00+00:00,1030000.0,1250000.0
2019-01-28 00:00:00+00:00,1050000.0,1250000.0
2019-01-29 00:00:00+00:00,1070000.0,1250000.0
2019-01-30 00:00:00+00:00,1070000.0,1250000.0
2019-01-31 00:00:00+00:00,1070000.0,1250000.0
2019-02-01 00:00:00+00:00,1070000.0,1250000.0
2019-02-02 00:00:00+00:00,1070000.0,1250000.0
2019-02-03 00:00:00+00:00,1070000.0,1250000.0
2019-02-04 00:00:00+00:00,1060000.0,1250000.0
2019-02-05 00:00:00+00:00,1060000.0,1240000.0
2019-02-06 00:00:00+00:00,1040000.0,1240000.0
2019-02-07 00:00:00+00:00,1020000.0,1230000.0
2019-02-08 00:00:00+00:00,984000.0,1230000.0
2019-02-09 00:00:00+00:00,966000.0,1230000.0
2019-02-10 00:00:00+00:00,996000.0,1230000.0
2019-02-11 00:00:00+00:00,1050000.0,1220000.0
2019-02-12 00:00:00+00:00,1130000.0,1230000.0
2019-02-13 00:00:00+00:00,1170000.0,1240000.0
2019-02-14 00:00:00+00:00,1200000.0,1270000.0
2019-02-15 00:00:00+00:00,1230000.0,1300000.0
2019-02-16 00:00:00+00:00,1270000.0,1330000.0
2019-02-17 00:00:00+00:00,1300000.0,1360000.0
2019-02-18 00:00:00+00:00,1330000.0,1390000.0
2019-02-19 00:00:00+00:00,1360000.0,1410000.0
2019-02-20 00:00:00+00:00,1410000.0,1450000.0
2019-02-21 00:00:00+00:00,1440000.0,1480000.0
2019-02-22 00:00:00+00:00,1480000.0,1520000.0
2019-02-23 00:00:00+00:00,1520000.0,1560000.0
2019-02-24 00:00:00+00:00,1560000.0,1600000.0
2019-02-25 00:00:00+00:00,1580000.0,1640000.0
2019-02-26 00:00:00+00:00,1600000.0,1670000.0
2019-02-27 00:00:00+00:00,1630000.0,1700000.0
2019-02-28 00:00:00+00:00,1650000.0,1730000.0
2019-03-01 00:00:00+00:00,1680000.0,1750000.0
2019-03-02 00:00:00+00:00,1700000.0,1770000.0
2019-03-03 00:00:00+00:00,1720000.0,1800000.0
2019-03-04 00:00:00+00:00,1730000.0,1820000.0
2019-03-05 00:00:00+00:00,1720000.0,1830000.0
2019-03-06 00:00:00+00:00,1720000.0,1850000.0
2019-03-07 00:00:00+00:00,1700000.0,1860000.0
2019-03-08 00:00:00+00:00,1690000.0,1870000.0
2019-03-09 00:00:00+00:00,1670000.0,1870000.0
2019-03-10 00:00:00+00:00,1650000.0,1880000.0
2019-03-11 00:00:00+00:00,1620000.0,1880000.0
2019-03-12 00:00:00+00:00,1600000.0,1880000.0
2019-03-13 00:00:00+00:00,1580000.0,1880000.0
2019-03-14 00:00:00+00:00,1580000.0,1880000.0
2019-03-15 00:00:00+00:00,1570000.0,1870000.0
2019-03-16 00:00:00+00:00,1550000.0,1870000.0
2019-03-17 00:00:00+00:00,1550000.0,1870000.0
2019-03-18 00:00:00+00:00,1550000.0,1860000.0
2019-03-19 00:00:00+00:00,1550000.0,1860000.0
2019-03-20 00:00:00+00:00,1550000.0,1860000.0
2019-03-21 00:00:00+00:00,1540000.0,1850000.0
2019-03-22 00:00:00+00:00,1540000.0,1850000.0
2019-03-23 00:00:00+00:00,1530000.0,1840000.0
2019-03-24 00:00:00+00:00,1510000.0,1840000.0
2019-03-25 00:00:00+00:00,1490000.0,1840000.0
2019-03-26 00:00:00+00:00,1450000.0,1830000.0
2019-03-27 00:00:00+00:00,1420000.0,1830000.0
2019-03-28 00:00:00+00:00,1370000.0,1820000.0
2019-03-29 00:00:00+00:00,1320000.0,1810000.0
2019-03-30 00:00:00+00:00,1270000.0,1780000.0
2019-03-31 00:00:00+00:00,1210000.0,1750000.0
2019-04-01 00:00:00+00:00,1170000.0,1720000.0
2019-04-02 00:00:00+00:00,1140000.0,1690000.0
2019-04-03 00:00:00+00:00,1120000.0,1650000.0
2019-04-04 00:00:00+00:00,1120000.0,1620000.0
2019-04-05 00:00:00+00:00,1130000.0,1590000.0
2019-04-06 00:00:00+00:00,1130000.0,1560000.0
2019-04-07 00:00:00+00:00,1150000.0,1530000.0
2019-04-08 00:00:00+00:00,1160000.0,1520000.0
2019-04-09 00:00:00+00:00,1160000.0,1500000.0
2019-04-10 00:00:00+00:00,1150000.0,1480000.0
2019-04-11 00:00:00+00:00,1140000.0,1460000.0
2019-04-12 00:00:00+00:00,1140000.0,1450000.0
2019-04-13 00:00:00+00:00,1140000.0,1440000.0
2019-04-14 00:00:00+00:00,1170000.0,1430000.0
2019-04-15 00:00:00+00:00,1160000.0,1420000.0
2019-04-16 00:00:00+00:00,1140000.0,1410000.0
2019-04-17 00:00:00+00:00,1140000.0,1410000.0
2019-04-18 00:00:00+00:00,1150000.0,1410000.0
2019-04-19 00:00:00+00:00,1160000.0,1420000.0
2019-04-20 00:00:00+00:00,1180000.0,1430000.0
2019-04-21 00:00:00+00:00,1190000.0,1440000.0
2019-04-22 00:00:00+00:00,1210000.0,1440000.0
2019-04-23 00:00:00+00:00,1230000.0,1450000.0
2019-04-24 00:00:00+00:00,1240000.0,1450000.0
2019-04-25 00:00:00+00:00,1260000.0,1450000.0
2019-04-26 00:00:00+00:00,1270000.0,1450000.0
2019-04-27 00:00:00+00:00,1290000.0,1450000.0
2019-04-28 00:00:00+00:00,1300000.0,1460000.0
2019-04-29 00:00:00+00:00,1300000.0,1460000.0
2019-04-30 00:00:00+00:00,1310000.0,1460000.0
2019-05-01 00:00:00+00:00,1310000.0,1470000.0
2019-05-02 00:00:00+00:00,1300000.0,1470000.0
2019-05-03 00:00:00+00:00,1290000.0,1470000.0
2019-05-04 00:00:00+00:00,1280000.0,1480000.0
2019-05-05 00:00:00+00:00,1270000.0,1480000.0
2019-05-06 00:00:00+00:00,1270000.0,1490000.0
2019-05-07 00:00:00+00:00,1280000.0,1500000.0
2019-05-08 00:00:00+00:00,1290000.0,1500000.0
2019-05-09 00:00:00+00:00,1320000.0,1520000.0
2019-05-10 00:00:00+00:00,1340000.0,1530000.0
2019-05-11 00:00:00+00:00,1350000.0,1540000.0
2019-05-12 00:00:00+00:00,1360000.0,1550000.0
2019-05-13 00:00:00+00:00,1370000.0,1550000.0
2019-05-14 00:00:00+00:00,1370000.0,1560000.0
2019-05-15 00:00:00+00:00,1370000.0,1560000.0
2019-05-16 00:00:00+00:00,1370000.0,1570000.0
2019-05-17 00:00:00+00:00,1360000.0,1570000.0
2019-05-18 00:00:00+00:00,1350000.0,1580000.0
2019-05-19 00:00:00+00:00,1330000.0,1590000.0
2019-05-20 00:00:00+00:00,1310000.0,1590000.0
2019-05-21 00:00:00+00:00,1290000.0,1590000.0
2019-05-22 00:00:00+00:00,1260000.0,1590000.0
2019-05-23 00:00:00+00:00,1240000.0,1590000.0
2019-05-24 00:00:00+00:00,1210000.0,1590000.0
2019-05-25 00:00:00+00:00,1180000.0,1580000.0
2019-05-26 00:00:00+00:00,1150000.0,1580000.0
2019-05-27 00:00:00+00:00,1130000.0,1570000.0
2019-05-28 00:00:00+00:00,1100000.0,1560000.0
2019-05-29 00:00:00+00:00,1080000.0,1560000.0
2019-05-30 00:00:00+00:00,1070000.0,1560000.0
2019-05-31 00:00:00+00:00,1070000.0,1550000.0
2019-06-01 00:00:00+00:00,1080000.0,1550000.0
2019-06-02 00:00:00+00:00,1090000.0,1550000.0
2019-06-03 00:00:00+00:00,1100000.0,1540000.0
2019-06-04 00:00:00+00:00,1120000.0,1540000.0
2019-06-05 00:00:00+00:00,1130000.0,1550000.0
2019-06-06 00:00:00+00:00,1150000.0,1550000.0
2019-06-07 00:00:00+00:00,1190000.0,1550000.0
2019-06-08 00:00:00+00:00,1210000.0,1560000.0
2019-06-09 00:00:00+00:00,1220000.0,1560000.0
2019-06-10 00:00:00+00:00,1230000.0,1570000.0
2019-06-11 00:00:00+00:00,1240000.0,1570000.0
2019-06-12 00:00:00+00:00,1250000.0,1580000.0
2019-06-13 00:00:00+00:00,1260000.0,1570000.0
2019-06-14 00:00:00+00:00,1270000.0,1570000.0
2019-06-15 00:00:00+00:00,1280000.0,1560000.0
2019-06-16 00:00:00+00:00,1280000.0,1550000.0
2019-06-17 00:00:00+00:00,1280000.0,1540000.0
2019-06-18 00:00:00+00:00,1280000.0,1530000.0
2019-06-19 00:00:00+00:00,1270000.0,1520000.0
2019-06-20 00:00:00+00:00,1270000.0,1510000.0
2019-06-21 00:00:00+00:00,1260000.0,1500000.0
2019-06-22 00:00:00+00:00,1270000.0,1490000.0
2019-06-23 00:00:00+00:00,1280000.0,1480000.0
2019-06-24 00:00:00+00:00,1300000.0,1480000.0
2019-06-25 00:00:00+00:00,1320000.0,1470000.0
2019-06-26 00:00:00+00:00,1350000.0,1470000.0
2019-06-27 00:00:00+00:00,1370000.0,1460000.0
2019-06-28 00:00:00+00:00,1390000.0,1470000.0
2019-06-29 00:00:00+00:00,1400000.0,1470000.0
2019-06-30 00:00:00+00:00,1410000.0,1470000.0
2019-07-01 00:00:00+00:00,1410000.0,1480000.0
2019-07-02 00:00:00+00:00,1420000.0,1480000.0
2019-07-03 00:00:00+00:00,1410000.0,1490000.0
2019-07-04 00:00:00+00:00,1400000.0,1490000.0
2019-07-05 00:00:00+00:00,1390000.0,1490000.0
2019-07-06 00:00:00+00:00,1370000.0,1490000.0
2019-07-07 00:00:00+00:00,1340000.0,1490000.0
2019-07-08 00:00:00+00:00,1300000.0,1490000.0
2019-07-09 00:00:00+00:00,1250000.0,1490000.0
2019-07-10 00:00:00+00:00,1200000.0,1480000.0
2019-07-11 00:00:00+00:00,1150000.0,1480000.0
2019-07-12 00:00:00+00:00,1090000.0,1480000.0
2019-07-13 00:00:00+00:00,1050000.0,1460000.0
2019-07-14 00:00:00+00:00,1000000.0,1460000.0
2019-07-15 00:00:00+00:00,967000.0,1450000.0
2019-07-16 00:00:00+00:00,954000.0,1440000.0
2019-07-17 00:00:00+00:00,933000.0,1430000.0
2019-07-18 00:00:00+00:00,894000.0,1410000.0
2019-07-19 00:00:00+00:00,869000.0,1390000.0
2019-07-20 00:00:00+00:00,842000.0,1370000.0
2019-07-21 00:00:00+00:00,815000.0,1350000.0
2019-07-22 00:00:00+00:00,794000.0,1330000.0
2019-07-23 00:00:00+00:00,787000.0,1310000.0
2019-07-24 00:00:00+00:00,782000.0,1290000.0
2019-07-25 00:00:00+00:00,777000.0,1270000.0
2019-07-26 00:00:00+00:00,775000.0,1240000.0
2019-07-27 00:00:00+00:00,773000.0,1220000.0
2019-07-28 00:00:00+00:00,770000.0,1190000.0
2019-07-29 00:00:00+00:00,766000.0,1160000.0
2019-07-30 00:00:00+00:00,754000.0,1140000.0
2019-07-31 00:00:00+00:00,716000.0,1120000.0
2019-08-01 00:00:00+00:00,664000.0,1100000.0
2019-08-02 00:00:00+00:00,629000.0,1080000.0
2019-08-03 00:00:00+00:00,607000.0,1060000.0
2019-08-04 00:00:00+00:00,592000.0,1030000.0
2019-08-05 00:00:00+00:00,580000.0,995000.0
2019-08-06 00:00:00+00:00,562000.0,960000.0
2019-08-07 00:00:00+00:00,550000.0,928000.0
2019-08-08 00:00:00+00:00,547000.0,895000.0
2019-08-09 00:00:00+00:00,535000.0,865000.0
2019-08-10 00:00:00+00:00,512000.0,837000.0
2019-08-11 00:00:00+00:00,501000.0,815000.0
2019-08-12 00:00:00+00:00,496000.0,795000.0
2019-08-13 00:00:00+00:00,486000.0,776000.0
2019-08-14 00:00:00+00:00,467000.0,749000.0
2019-08-15 00:00:00+00:00,462000.0,717000.0
2019-08-16 00:00:00+00:00,462000.0,685000.0
2019-08-17 00:00:00+00:00,463000.0,657000.0
2019-08-18 00:00:00+00:00,462000.0,635000.0
2019-08-19 00:00:00+00:00,454000.0,619000.0
2019-08-20 00:00:00+00:00,447000.0,607000.0
2019-08-21 00:00:00+00:00,438000.0,597000.0
2019-08-22 00:00:00+00:00,427000.0,586000.0
2019-08-23 00:00:00+00:00,421000.0,576000.0
2019-08-24 00:00:00+00:00,445000.0,567000.0
2019-08-25 00:00:00+00:00,475000.0,559000.0
2019-08-26 00:00:00+00:00,475000.0,561000.0
2019-08-27 00:00:00+00:00,473000.0,578000.0
2019-08-28 00:00:00+00:00,479000.0,599000.0
2019-08-29 00:00:00+00:00,487000.0,602000.0
2019-08-30 00:00:00+00:00,500000.0,601000.0
2019-08-31 00:00:00+00:00,498000.0,600000.0
2019-09-01 00:00:00+00:00,485000.0,604000.0
2019-09-02 00:00:00+00:00,479000.0,610000.0
2019-09-03 00:00:00+00:00,478000.0,609000.0
2019-09-04 00:00:00+00:00,463000.0,603000.0
2019-09-05 00:00:00+00:00,459000.0,596000.0
2019-09-06 00:00:00+00:00,459000.0,589000.0
2019-09-07 00:00:00+00:00,451000.0,581000.0
2019-09-08 00:00:00+00:00,434000.0,575000.0
2019-09-09 00:00:00+00:00,418000.0,570000.0
2019-09-10 00:00:00+00:00,406000.0,556000.0
2019-09-11 00:00:00+00:00,397000.0,539000.0
2019-09-12 00:00:00+00:00,385000.0,524000.0
2019-09-13 00:00:00+00:00,381000.0,512000.0
2019-09-14 00:00:00+00:00,381000.0,498000.0
2019-09-15 00:00:00+00:00,372000.0,487000.0
2019-09-16 00:00:00+00:00,370000.0,475000.0
2019-09-17 00:00:00+00:00,371000.0,466000.0
2019-09-18 00:00:00+00:00,377000.0,458000.0
2019-09-19 00:00:00+00:00,387000.0,453000.0
2019-09-20 00:00:00+00:00,397000.0,452000.0
2019-09-21 00:00:00+00:00,404000.0,452000.0
2019-09-22 00:00:00+00:00,410000.0,455000.0
2019-09-23 00:00:00+00:00,416000.0,463000.0
2019-09-24 00:00:00+00:00,415000.0,474000.0
2019-09-25 00:00:00+00:00,422000.0,478000.0
2019-09-26 00:00:00+00:00,421000.0,486000.0
2019-09-27 00:00:00+00:00,420000.0,497000.0
2019-09-28 00:00:00+00:00,430000.0,509000.0
2019-09-29 00:00:00+00:00,442000.0,516000.0
2019-09-30 00:00:00+00:00,454000.0,523000.0
2019-10-01 00:00:00+00:00,465000.0,536000.0
2019-10-02 00:00:00+00:00,475000.0,549000.0
2019-10-03 00:00:00+00:00,479000.0,561000.0
2019-10-04 00:00:00+00:00,497000.0,568000.0
2019-10-05 00:00:00+00:00,519000.0,570000.0
2019-10-06 00:00:00+00:00,534000.0,574000.0
2019-10-07 00:00:00+00:00,567000.0,589000.0
2019-10-08 00:00:00+00:00,578000.0,610000.0
2019-10-09 00:00:00+00:00,582000.0,634000.0
2019-10-10 00:00:00+00:00,591000.0,655000.0
2019-10-11 00:00:00+00:00,608000.0,672000.0
2019-10-12 00:00:00+00:00,620000.0,686000.0
2019-10-13 00:00:00+00:00,614000.0,703000.0
2019-10-14 00:00:00+00:00,616000.0,724000.0
2019-10-15 00:00:00+00:00,617000.0,751000.0
2019-10-16 00:00:00+00:00,627000.0,764000.0
2019-10-17 00:00:00+00:00,634000.0,762000.0
2019-10-18 00:00:00+00:00,626000.0,757000.0
2019-10-19 00:00:00+00:00,619000.0,755000.0
2019-10-20 00:00:00+00:00,617000.0,752000.0
2019-10-21 00:00:00+00:00,615000.0,750000.0
2019-10-22 00:00:00+00:00,614000.0,751000.0
2019-10-23 00:00:00+00:00,615000.0,746000.0
2019-10-24 00:00:00+00:00,610000.0,742000.0
2019-10-25 00:00:00+00:00,607000.0,741000.0
2019-10-26 00:00:00+00:00,635000.0,750000.0
2019-10-27 00:00:00+00:00,664000.0,764000.0
2019-10-28 00:00:00+00:00,671000.0,785000.0
2019-10-29 00:00:00+00:00,676000.0,813000.0
2019-10-30 00:00:00+00:00,676000.0,846000.0
2019-10-31 00:00:00+00:00,683000.0,880000.0
2019-11-01 00:00:00+00:00,679000.0,892000.0
2019-11-02 00:00:00+00:00,681000.0,898000.0
2019-11-03 00:00:00+00:00,688000.0,902000.0
2019-11-04 00:00:00+00:00,709000.0,907000.0
2019-11-05 00:00:00+00:00,739000.0,908000.0
2019-11-06 00:00:00+00:00,759000.0,906000.0
2019-11-07 00:00:00+00:00,771000.0,906000.0
2019-11-08 00:00:00+00:00,774000.0,908000.0
2019-11-09 00:00:00+00:00,758000.0,914000.0
2019-11-10 00:00:00+00:00,725000.0,923000.0
2019-11-11 00:00:00+00:00,687000.0,938000.0
2019-11-12 00:00:00+00:00,657000.0,945000.0
2019-11-13 00:00:00+00:00,637000.0,945000.0
2019-11-14 00:00:00+00:00,621000.0,933000.0
2019-11-15 00:00:00+00:00,600000.0,912000.0
2019-11-16 00:00:00+00:00,580000.0,886000.0
2019-11-17 00:00:00+00:00,570000.0,853000.0
2019-11-18 00:00:00+00:00,561000.0,816000.0
2019-11-19 00:00:00+00:00,546000.0,783000.0
2019-11-20 00:00:00+00:00,535000.0,755000.0
2019-11-21 00:00:00+00:00,522000.0,731000.0
2019-11-22 00:00:00+00:00,512000.0,710000.0
2019-11-23 00:00:00+00:00,517000.0,691000.0
2019-11-24 00:00:00+00:00,533000.0,675000.0
2019-11-25 00:00:00+00:00,538000.0,666000.0
2019-11-26 00:00:00+00:00,542000.0,666000.0
2019-11-27 00:00:00+00:00,569000.0,673000.0
2019-11-28 00:00:00+00:00,581000.0,675000.0
2019-11-29 00:00:00+00:00,598000.0,679000.0
2019-11-30 00:00:00+00:00,629000.0,690000.0
2019-12-01 00:00:00+00:00,663000.0,712000.0
2019-12-02 00:00:00+00:00,724000.0,737000.0
2019-12-03 00:00:00+00:00,798000.0,765000.0
2019-12-04 00:00:00+00:00,865000.0,801000.0
2019-12-05 00:00:00+00:00,918000.0,837000.0
2019-12-06 00:00:00+00:00,955000.0,872000.0
2019-12-07 00:00:00+00:00,971000.0,912000.0
2019-12-08 00:00:00+00:00,969000.0,950000.0
2019-12-09 00:00:00+00:00,957000.0,982000.0
2019-12-10 00:00:00+00:00,922000.0,1010000.0
2019-12-11 00:00:00+00:00,862000.0,1030000.0
2019-12-12 00:00:00+00:00,792000.0,1040000.0
2019-12-13 00:00:00+00:00,727000.0,1040000.0
2019-12-14 00:00:00+00:00,689000.0,1020000.0
2019-12-15 00:00:00+00:00,680000.0,995000.0
2019-12-16 00:00:00+00:00,695000.0,966000.0
2019-12-17 00:00:00+00:00,719000.0,938000.0
2019-12-18 00:00:00+00:00,725000.0,917000.0
2019-12-19 00:00:00+00:00,737000.0,904000.0
2019-12-20 00:00:00+00:00,758000.0,892000.0
2019-12-21 00:00:00+00:00,787000.0,881000.0
2019-12-22 00:00:00+00:00,819000.0,870000.0
2019-12-23 00:00:00+00:00,845000.0,875000.0
2019-12-24 00:00:00+00:00,863000.0,881000.0
2019-12-25 00:00:00+00:00,873000.0,891000.0
2019-12-26 00:00:00+00:00,878000.0,905000.0
2019-12-27 00:00:00+00:00,875000.0,914000.0
2019-12-28 00:00:00+00:00,848000.0,921000.0
2019-12-29 00:00:00+00:00,799000.0,930000.0
2019-12-30 00:00:00+00:00,750000.0,938000.0
2019-12-31 00:00:00+00:00,717000.0,941000.0
